"TICKET","TRANSACTION DATE","TRANSACTION TYPE","DETAILS","INSTRUMENT","PRICE","UNITS","DIRECTION","SPREAD COST","STOP LOSS","GUARANTEED STOP LOSS","TAKE PROFIT","TRAILING STOP","FINANCING","COMMISSION","GSL FEE","GSL PREMIUM","CONVERSION RATE","PL","AMOUNT","BALANCE"
"1","2025-06-19 07:16:52 +07","CREATE","","","","","","","","","","","","","","","","","",""
"2","2025-06-19 07:16:52 +07","CLIENT_CONFIGURE","","","","","","","","","","","","","","","","","",""
"3","2025-06-19 07:16:54 +07","TRANSFER_FUNDS","","","","","","","","","","","","","","","","","100000.00","100000.00"
"4","2025-06-19 10:52:50 +07","TRANSFER_FUNDS","","","","","","","","","","","","","","","","","-90000.00","10000.00"
"5","2025-06-20 14:52:59 +07","MARKET_ORDER","CLIENT_ORDER","GBP/USD","","59346.00","Buy","","","","","","","","","","","","",""
"6","2025-06-20 14:52:59 +07","ORDER_FILL","MARKET_ORDER","GBP/USD","1.34782","59346.00","Buy","4.7477","","","","","0.00000","0.0000","0.0000","","","0.00000","","10000.00"
"7","2025-06-20 14:53:37 +07","MARKET_ORDER","TRADE_CLOSE","GBP/USD","","59346.00","Sell","","","","","","","","","","","","",""
"8","2025-06-20 14:53:37 +07","ORDER_FILL","MARKET_ORDER_TRADE_CLOSE","GBP/USD","1.34776","59346.00","Sell","3.5608","","","","","0.00000","0.0000","0.0000","","1.0000","-3.56080","","9996.44"
"9","2025-06-23 08:49:09 +07","MARKET_ORDER_REJECT","CLIENT_ORDER","GBP/USD","","212282.90","","","","","","","","","","","","","",""
"10","2025-06-23 08:49:10 +07","MARKET_ORDER_REJECT","CLIENT_ORDER","GBP/USD","","212282.90","","","","","","","","","","","","","",""
"11","2025-06-23 08:49:12 +07","MARKET_ORDER_REJECT","CLIENT_ORDER","GBP/USD","","212282.90","","","","","","","","","","","","","",""
"12","2025-06-23 10:26:50 +07","MARKET_ORDER_REJECT","CLIENT_ORDER","GBP/USD","","212371.52","","","","","","","","","","","","","",""
"13","2025-06-23 10:26:51 +07","MARKET_ORDER_REJECT","CLIENT_ORDER","GBP/USD","","212371.52","","","","","","","","","","","","","",""
"14","2025-06-23 10:26:53 +07","MARKET_ORDER_REJECT","CLIENT_ORDER","GBP/USD","","212371.52","","","","","","","","","","","","","",""
"15","2025-06-23 17:55:17 +07","MARKET_ORDER","CLIENT_ORDER","GBP/USD","","213016.00","Sell","","","","","","","","","","","","",""
"16","2025-06-23 17:55:17 +07","ORDER_CANCEL","INSUFFICIENT_MARGIN","","","","","","","","","","","","","","","","",""
"17","2025-06-23 18:27:33 +07","MARKET_ORDER","CLIENT_ORDER","GBP/USD","","213032.00","Sell","","","","","","","","","","","","",""
"18","2025-06-23 18:27:33 +07","ORDER_CANCEL","INSUFFICIENT_MARGIN","","","","","","","","","","","","","","","","",""
"19","2025-06-23 19:35:16 +07","MARKET_ORDER","CLIENT_ORDER","GBP/USD","","22423.00","Sell","","","","","","","","","","","","",""
"20","2025-06-23 19:35:16 +07","ORDER_FILL","MARKET_ORDER","GBP/USD","1.33762","22423.00","Sell","1.9060","","","","","0.00000","0.0000","0.0000","","","0.00000","","9996.44"
"21","2025-06-23 19:35:40 +07","MARKET_ORDER","TRADE_CLOSE","GBP/USD","","22423.00","Buy","","","","","","","","","","","","",""
"22","2025-06-23 19:35:40 +07","ORDER_FILL","MARKET_ORDER_TRADE_CLOSE","GBP/USD","1.33776","22423.00","Buy","1.7938","","","","","0.00000","0.0000","0.0000","","1.0000","-3.13920","","9993.30"
"23","2025-06-25 16:55:01 +07","MARKET_ORDER","CLIENT_ORDER","AUD/USD","","46130.00","Buy","","","","","","","","","","","","",""
"24","2025-06-25 16:55:01 +07","ORDER_FILL","MARKET_ORDER","AUD/USD","0.64949","46130.00","Buy","1.8452","","","","","0.00000","0.0000","0.0000","","","0.00000","","9993.30"
"25","2025-06-25 16:55:24 +07","MARKET_ORDER","TRADE_CLOSE","AUD/USD","","46130.00","Sell","","","","","","","","","","","","",""
"26","2025-06-25 16:55:24 +07","ORDER_FILL","MARKET_ORDER_TRADE_CLOSE","AUD/USD","0.64940","46130.00","Sell","2.3065","","","","","0.00000","0.0000","0.0000","","1.0000","-4.15170","","9989.15"
"27","2025-06-25 18:26:59 +07","MARKET_ORDER","CLIENT_ORDER","AUD/USD","","46169.00","Sell","","","","","","","","","","","","",""
"28","2025-06-25 18:26:59 +07","ORDER_FILL","MARKET_ORDER","AUD/USD","0.64946","46169.00","Sell","2.0776","","","","","0.00000","0.0000","0.0000","","","0.00000","","9989.15"
"29","2025-06-25 18:46:28 +07","MARKET_ORDER","CLIENT_ORDER","AUD/USD","","46167.00","Sell","","","","","","","","","","","","",""
"30","2025-06-25 18:46:28 +07","ORDER_FILL","MARKET_ORDER","AUD/USD","0.64950","46167.00","Sell","2.0775","","","","","0.00000","0.0000","0.0000","","","0.00000","","9989.15"
"31","2025-06-25 18:50:42 +07","MARKET_ORDER","CLIENT_ORDER","AUD/USD","","46165.00","Sell","","","","","","","","","","","","",""
"32","2025-06-25 18:50:42 +07","ORDER_FILL","MARKET_ORDER","AUD/USD","0.64953","46165.00","Sell","2.3082","","","","","0.00000","0.0000","0.0000","","","0.00000","","9989.15"
"33","2025-06-25 19:05:33 +07","MARKET_ORDER","TRADE_CLOSE","AUD/USD","","46165.00","Buy","","","","","","","","","","","","",""
"34","2025-06-25 19:05:33 +07","ORDER_FILL","MARKET_ORDER_TRADE_CLOSE","AUD/USD","0.64953","46165.00","Buy","1.6158","","","","","0.00000","0.0000","0.0000","","","0.00000","","9989.15"
"35","2025-06-25 19:05:37 +07","MARKET_ORDER","TRADE_CLOSE","AUD/USD","","46169.00","Buy","","","","","","","","","","","","",""
"36","2025-06-25 19:05:37 +07","ORDER_FILL","MARKET_ORDER_TRADE_CLOSE","AUD/USD","0.64953","46169.00","Buy","1.6159","","","","","0.00000","0.0000","0.0000","","1.0000","-3.23180","","9985.92"
"37","2025-06-25 19:05:42 +07","MARKET_ORDER","TRADE_CLOSE","AUD/USD","","46167.00","Buy","","","","","","","","","","","","",""
"38","2025-06-25 19:05:42 +07","ORDER_FILL","MARKET_ORDER_TRADE_CLOSE","AUD/USD","0.64952","46167.00","Buy","1.6158","","","","","0.00000","0.0000","0.0000","","1.0000","-0.92330","","9984.99"
"39","2025-06-26 16:00:02 +07","MARKET_ORDER","CLIENT_ORDER","GBP/JPY","","100.00","Buy","","","","","","","","","","","","",""
"40","2025-06-26 16:00:02 +07","ORDER_FILL","MARKET_ORDER","GBP/JPY","197.90000","100.00","Buy","0.0118","","","","","0.00000","0.0000","0.0000","","","0.00000","","9984.99"
"41","2025-06-27 03:10:33 +07","MARKET_ORDER","TRADE_CLOSE","GBP/JPY","","100.00","Sell","","","","","","","","","","","","",""
"42","2025-06-27 03:10:33 +07","ORDER_FILL","MARKET_ORDER_TRADE_CLOSE","GBP/JPY","198.23200","100.00","Sell","0.0111","","","","","0.00000","0.0000","0.0000","","0.0069","0.22880","","9985.22"
"43","2025-06-27 06:07:22 +07","MARKET_ORDER","CLIENT_ORDER","NZD/USD","","445858.00","Buy","","","","","","","","","","","","",""
"44","2025-06-27 06:07:22 +07","ORDER_CANCEL","INSUFFICIENT_MARGIN","","","","","","","","","","","","","","","","",""
"45","2025-06-27 06:44:27 +07","MARKET_ORDER","CLIENT_ORDER","GBP/USD","","174592.00","Sell","","","","","","","","","","","","",""
"46","2025-06-27 06:44:27 +07","ORDER_CANCEL","INSUFFICIENT_MARGIN","","","","","","","","","","","","","","","","",""
"47","2025-06-27 06:56:29 +07","MARKET_ORDER","CLIENT_ORDER","GBP/USD","","109137.00","Sell","","","","","","","","","","","","",""
"48","2025-06-27 06:56:29 +07","ORDER_FILL","MARKET_ORDER","GBP/USD","1.37257","109137.00","Sell","9.2766","","","","","0.00000","0.0000","0.0000","","","0.00000","","9985.22"
"49","2025-06-27 07:08:40 +07","MARKET_ORDER","TRADE_CLOSE","GBP/USD","","109137.00","Buy","","","","","","","","","","","","",""
"50","2025-06-27 07:08:40 +07","ORDER_FILL","MARKET_ORDER_TRADE_CLOSE","GBP/USD","1.37300","109137.00","Buy","10.3680","","","","","0.00000","0.0000","0.0000","","1.0000","-46.92890","","9938.29"
"51","2025-06-27 08:00:01 +07","MARKET_ORDER","CLIENT_ORDER","EUR/JPY","","588.00","Buy","","","","","","","","","","","","",""
"52","2025-06-27 08:00:01 +07","ORDER_FILL","MARKET_ORDER","EUR/JPY","169.13500","588.00","Buy","0.0467","","","","","0.00000","0.0000","0.0000","","","0.00000","","9938.29"
"53","2025-06-27 10:18:17 +07","MARKET_ORDER","CLIENT_ORDER","AUD/USD","","227116.00","Buy","","","","","","","","","","","","",""
"54","2025-06-27 10:18:17 +07","ORDER_FILL","MARKET_ORDER","AUD/USD","0.65596","227116.00","Buy","9.0846","","","","","0.00000","0.0000","0.0000","","","0.00000","","9938.29"
"55","2025-06-27 11:26:43 +07","MARKET_ORDER","TRADE_CLOSE","EUR/JPY","","588.00","Sell","","","","","","","","","","","","",""
"56","2025-06-27 11:26:43 +07","ORDER_FILL","MARKET_ORDER_TRADE_CLOSE","EUR/JPY","168.95100","588.00","Sell","0.0631","","","","","0.00000","0.0000","0.0000","","0.0070","-0.75260","","9937.54"
"57","2025-06-27 11:46:47 +07","MARKET_ORDER","TRADE_CLOSE","AUD/USD","","227116.00","Sell","","","","","","","","","","","","",""
"58","2025-06-27 11:46:47 +07","ORDER_FILL","MARKET_ORDER_TRADE_CLOSE","AUD/USD","0.65448","227116.00","Sell","10.2202","","","","","0.00000","0.0000","0.0000","","1.0000","-336.13170","","9601.41"
"59","2025-06-27 12:07:14 +07","MARKET_ORDER","CLIENT_ORDER","AUD/USD","","66080.00","Sell","","","","","","","","","","","","",""
"60","2025-06-27 12:07:14 +07","ORDER_FILL","MARKET_ORDER","AUD/USD","0.65425","66080.00","Sell","3.3040","","","","","0.00000","0.0000","0.0000","","","0.00000","","9601.41"
"61","2025-06-27 12:14:30 +07","MARKET_ORDER","TRADE_CLOSE","AUD/USD","","66080.00","Buy","","","","","","","","","","","","",""
"62","2025-06-27 12:14:30 +07","ORDER_FILL","MARKET_ORDER_TRADE_CLOSE","AUD/USD","0.65428","66080.00","Buy","2.9736","","","","","0.00000","0.0000","0.0000","","1.0000","-1.98240","","9599.43"
"63","2025-06-27 16:13:30 +07","MARKET_ORDER","CLIENT_ORDER","GBP/USD","","31431.00","Buy","","","","","","","","","","","","",""
"64","2025-06-27 16:13:30 +07","ORDER_FILL","MARKET_ORDER","GBP/USD","1.37415","31431.00","Buy","2.3573","","","","","0.00000","0.0000","0.0000","","","0.00000","","9599.43"
"65","2025-06-27 16:13:49 +07","MARKET_ORDER","TRADE_CLOSE","GBP/USD","","31431.00","Sell","","","","","","","","","","","","",""
"66","2025-06-27 16:13:49 +07","ORDER_FILL","MARKET_ORDER_TRADE_CLOSE","GBP/USD","1.37401","31431.00","Sell","2.5145","","","","","0.00000","0.0000","0.0000","","1.0000","-4.40030","","9595.03"
"67","2025-06-27 17:30:06 +07","MARKET_ORDER","CLIENT_ORDER","AUD/USD","","66153.00","Sell","","","","","","","","","","","","",""
"68","2025-06-27 17:30:06 +07","ORDER_FILL","MARKET_ORDER","AUD/USD","0.65309","66153.00","Sell","2.9769","","","","","0.00000","0.0000","0.0000","","","0.00000","","9595.03"
"69","2025-06-27 18:00:06 +07","MARKET_ORDER","CLIENT_ORDER","USD/CAD","","31597.00","Buy","","","","","","","","","","","","",""
"70","2025-06-27 18:00:06 +07","ORDER_FILL","MARKET_ORDER","USD/CAD","1.36617","31597.00","Buy","1.6191","","","","","0.00000","0.0000","0.0000","","","0.00000","","9595.03"
"71","2025-06-27 18:00:09 +07","MARKET_ORDER","CLIENT_ORDER","AUD/USD","","66118.00","Sell","","","","","","","","","","","","",""
"72","2025-06-27 18:00:09 +07","ORDER_FILL","MARKET_ORDER","AUD/USD","0.65344","66118.00","Sell","2.3141","","","","","0.00000","0.0000","0.0000","","","0.00000","","9595.03"
"73","2025-06-27 19:57:12 +07","MARKET_ORDER","TRADE_CLOSE","AUD/USD","","66153.00","Buy","","","","","","","","","","","","",""
"74","2025-06-27 19:57:12 +07","ORDER_FILL","MARKET_ORDER_TRADE_CLOSE","AUD/USD","0.65485","66153.00","Buy","3.3076","","","","","0.00000","0.0000","0.0000","","1.0000","-116.42930","","9478.60"
"75","2025-06-27 20:00:00 +07","MARKET_ORDER","CLIENT_ORDER","EUR/USD","","36305.00","Buy","","","","","","","","","","","","",""
"76","2025-06-27 20:00:00 +07","ORDER_FILL","MARKET_ORDER","EUR/USD","1.17477","36305.00","Buy","1.4522","","","","","0.00000","0.0000","0.0000","","","0.00000","","9478.60"
"77","2025-06-28 04:00:00 +07","DAILY_FINANCING","","","","","","","","","","","-3.29350","","","","","","","9475.30"
"","2025-06-28 04:00:00 +07","DAILY_FINANCING","Trade ID: 76","EUR/USD","","","","","","","","","-3.74850","","","","","","",""
"","2025-06-28 04:00:00 +07","DAILY_FINANCING","Trade ID: 70","USD/CAD","","","","","","","","","0.88300","","","","","","",""
"","2025-06-28 04:00:00 +07","DAILY_FINANCING","Trade ID: 72","AUD/USD","","","","","","","","","-0.42800","","","","","","",""
"78","2025-06-29 04:00:00 +07","DAILY_FINANCING","","","","","","","","","","","0.00000","","","","","","","9475.30"
"","2025-06-29 04:00:00 +07","DAILY_FINANCING","Trade ID: 76","EUR/USD","","","","","","","","","0.00000","","","","","","",""
"","2025-06-29 04:00:00 +07","DAILY_FINANCING","Trade ID: 70","USD/CAD","","","","","","","","","0.00000","","","","","","",""
"","2025-06-29 04:00:00 +07","DAILY_FINANCING","Trade ID: 72","AUD/USD","","","","","","","","","0.00000","","","","","","",""
"79","2025-06-30 04:00:00 +07","DAILY_FINANCING","","","","","","","","","","","0.00000","","","","","","","9475.30"
"","2025-06-30 04:00:00 +07","DAILY_FINANCING","Trade ID: 76","EUR/USD","","","","","","","","","0.00000","","","","","","",""
"","2025-06-30 04:00:00 +07","DAILY_FINANCING","Trade ID: 70","USD/CAD","","","","","","","","","0.00000","","","","","","",""
"","2025-06-30 04:00:00 +07","DAILY_FINANCING","Trade ID: 72","AUD/USD","","","","","","","","","0.00000","","","","","","",""
"80","2025-06-30 14:00:09 +07","MARKET_ORDER","CLIENT_ORDER","EUR/JPY","","168.00","Sell","","","","","","","","","","","","",""
"81","2025-06-30 14:00:09 +07","ORDER_FILL","MARKET_ORDER","EUR/JPY","168.93400","168.00","Sell","0.0163","","","","","0.00000","0.0000","0.0000","","","0.00000","","9475.30"
"82","2025-06-30 14:00:18 +07","MARKET_ORDER","CLIENT_ORDER","USD/THB","","876.00","Sell","","","","","","","","","","","","",""
"83","2025-06-30 14:00:18 +07","ORDER_FILL","MARKET_ORDER","USD/THB","32.44800","876.00","Sell","0.3104","","","","","0.00000","0.0000","0.0000","","","0.00000","","9475.30"
"84","2025-06-30 22:00:05 +07","MARKET_ORDER","CLIENT_ORDER","USD/CAD","","31255.00","Sell","","","","","","","","","","","","",""
"85","2025-06-30 22:00:05 +07","ORDER_FILL","MARKET_ORDER","USD/CAD","1.36454","31255.00","Sell","1.6033","","","","","0.00000","0.0000","0.0000","","","0.00000","","9475.30"
"86","2025-06-30 22:00:06 +07","MARKET_ORDER","CLIENT_ORDER","EUR/JPY","","168.00","Buy","","","","","","","","","","","","",""
"87","2025-06-30 22:00:06 +07","ORDER_FILL","MARKET_ORDER","EUR/JPY","169.57100","168.00","Buy","0.0128","","","","","0.00000","0.0000","0.0000","","","0.00000","","9475.30"
"88","2025-07-01 04:00:00 +07","DAILY_FINANCING","","","","","","","","","","","-4.07150","","","","","","","9471.23"
"","2025-07-01 04:00:00 +07","DAILY_FINANCING","Trade ID: 76","EUR/USD","","","","","","","","","-3.71180","","","","","","",""
"","2025-07-01 04:00:00 +07","DAILY_FINANCING","Trade ID: 87","EUR/JPY","","","","","","","","","0.00510","","","","","","",""
"","2025-07-01 04:00:00 +07","DAILY_FINANCING","Trade ID: 81","EUR/JPY","","","","","","","","","-0.01350","","","","","","",""
"","2025-07-01 04:00:00 +07","DAILY_FINANCING","Trade ID: 70","USD/CAD","","","","","","","","","0.21640","","","","","","",""
"","2025-07-01 04:00:00 +07","DAILY_FINANCING","Trade ID: 85","USD/CAD","","","","","","","","","0.21410","","","","","","",""
"","2025-07-01 04:00:00 +07","DAILY_FINANCING","Trade ID: 83","USD/THB","","","","","","","","","-0.29060","","","","","","",""
"","2025-07-01 04:00:00 +07","DAILY_FINANCING","Trade ID: 72","AUD/USD","","","","","","","","","-0.49120","","","","","","",""
"89","2025-07-01 04:01:06 +07","MARKET_ORDER","CLIENT_ORDER","AUD/CAD","","31696.00","Buy","","","","","","","","","","","","",""
"90","2025-07-01 04:01:06 +07","ORDER_CANCEL","MARKET_HALTED","","","","","","","","","","","","","","","","",""
"91","2025-07-01 08:15:10 +07","MARKET_ORDER","CLIENT_ORDER","AUD/USD","","64901.00","Sell","","","","","","","","","","","","",""
"92","2025-07-01 08:15:10 +07","ORDER_FILL","MARKET_ORDER","AUD/USD","0.65710","64901.00","Sell","2.5960","","","","","0.00000","0.0000","0.0000","","","0.00000","","9471.23"
"93","2025-07-01 12:15:07 +07","MARKET_ORDER","CLIENT_ORDER","AUD/USD","","64760.00","Buy","","","","","","","","","","","","",""
"94","2025-07-01 12:15:07 +07","ORDER_FILL","MARKET_ORDER","AUD/USD","0.65772","64760.00","Buy","3.2380","","","","","0.00000","0.0000","0.0000","","","0.00000","","9471.23"
"95","2025-07-01 14:00:27 +07","MARKET_ORDER","CLIENT_ORDER","USD/THB","","873.00","Buy","","","","","","","","","","","","",""
"96","2025-07-01 14:00:27 +07","ORDER_FILL","MARKET_ORDER","USD/THB","32.54400","873.00","Buy","0.2549","","","","","0.00000","0.0000","0.0000","","","0.00000","","9471.23"
"97","2025-07-01 15:00:03 +07","MARKET_ORDER","CLIENT_ORDER","GBP/USD","","30955.00","Buy","","","","","","","","","","","","",""
"98","2025-07-01 15:00:03 +07","ORDER_CANCEL","INSUFFICIENT_MARGIN","","","","","","","","","","","","","","","","",""
"99","2025-07-01 15:00:04 +07","MARKET_ORDER","CLIENT_ORDER","GBP/NZD","","12626.00","Sell","","","","","","","","","","","","",""
"100","2025-07-01 15:00:04 +07","ORDER_FILL","MARKET_ORDER","GBP/NZD","2.25168","12626.00","Sell","3.2799","","","","","0.00000","0.0000","0.0000","","","0.00000","","9471.23"
"101","2025-07-01 15:00:05 +07","MARKET_ORDER","CLIENT_ORDER","EUR/JPY","","169.00","Sell","","","","","","","","","","","","",""
"102","2025-07-01 15:00:05 +07","ORDER_FILL","MARKET_ORDER","EUR/JPY","168.59000","169.00","Sell","0.0159","","","","","0.00000","0.0000","0.0000","","","0.00000","","9471.23"
"103","2025-07-01 16:00:03 +07","MARKET_ORDER","CLIENT_ORDER","AUD/USD","","64660.00","Buy","","","","","","","","","","","","",""
"104","2025-07-01 16:00:03 +07","ORDER_FILL","MARKET_ORDER","AUD/USD","0.65874","64660.00","Buy","2.9097","","","","","0.00000","0.0000","0.0000","","","0.00000","","9471.23"
"105","2025-07-01 19:00:07 +07","MARKET_ORDER","CLIENT_ORDER","GBP/USD","","30991.00","Sell","","","","","","","","","","","","",""
"106","2025-07-01 19:00:07 +07","ORDER_CANCEL","INSUFFICIENT_MARGIN","","","","","","","","","","","","","","","","",""
"107","2025-07-01 21:00:28 +07","MARKET_ORDER","CLIENT_ORDER","USD/CAD","","31220.00","Buy","","","","","","","","","","","","",""
"108","2025-07-01 21:00:28 +07","ORDER_CANCEL","INSUFFICIENT_MARGIN","","","","","","","","","","","","","","","","",""
"109","2025-07-01 22:00:31 +07","MARKET_ORDER","CLIENT_ORDER","GBP/USD","","31083.00","Sell","","","","","","","","","","","","",""
"110","2025-07-01 22:00:31 +07","ORDER_CANCEL","INSUFFICIENT_MARGIN","","","","","","","","","","","","","","","","",""
"111","2025-07-02 03:00:21 +07","MARKET_ORDER","CLIENT_ORDER","ETH/USD","","2.00","Sell","","","","","","","","","","","","",""
"112","2025-07-02 03:00:21 +07","ORDER_CANCEL","INSUFFICIENT_MARGIN","","","","","","","","","","","","","","","","",""
"113","2025-07-02 03:00:29 +07","MARKET_ORDER","CLIENT_ORDER","EUR/JPY","","168.00","Buy","","","","","","","","","","","","",""
"114","2025-07-02 03:00:29 +07","ORDER_FILL","MARKET_ORDER","EUR/JPY","169.52100","168.00","Buy","0.0146","","","","","0.00000","0.0000","0.0000","","","0.00000","","9471.23"
"115","2025-07-02 04:00:00 +07","DAILY_FINANCING","","","","","","","","","","","-10.57270","","","","","","","9460.66"
"","2025-07-02 04:00:00 +07","DAILY_FINANCING","Trade ID: 76","EUR/USD","","","","","","","","","-3.71750","","","","","","",""
"","2025-07-02 04:00:00 +07","DAILY_FINANCING","Trade ID: 87","EUR/JPY","","","","","","","","","0.00480","","","","","","",""
"","2025-07-02 04:00:00 +07","DAILY_FINANCING","Trade ID: 114","EUR/JPY","","","","","","","","","0.00480","","","","","","",""
"","2025-07-02 04:00:00 +07","DAILY_FINANCING","Trade ID: 81","EUR/JPY","","","","","","","","","-0.01320","","","","","","",""
"","2025-07-02 04:00:00 +07","DAILY_FINANCING","Trade ID: 102","EUR/JPY","","","","","","","","","-0.01330","","","","","","",""
"","2025-07-02 04:00:00 +07","DAILY_FINANCING","Trade ID: 70","USD/CAD","","","","","","","","","0.91760","","","","","","",""
"","2025-07-02 04:00:00 +07","DAILY_FINANCING","Trade ID: 85","USD/CAD","","","","","","","","","-2.31200","","","","","","",""
"","2025-07-02 04:00:00 +07","DAILY_FINANCING","Trade ID: 96","USD/THB","","","","","","","","","-0.47520","","","","","","",""
"","2025-07-02 04:00:00 +07","DAILY_FINANCING","Trade ID: 83","USD/THB","","","","","","","","","-0.49100","","","","","","",""
"","2025-07-02 04:00:00 +07","DAILY_FINANCING","Trade ID: 100","GBP/NZD","","","","","","","","","-0.83150","","","","","","",""
"","2025-07-02 04:00:00 +07","DAILY_FINANCING","Trade ID: 94","AUD/USD","","","","","","","","","-1.40860","","","","","","",""
"","2025-07-02 04:00:00 +07","DAILY_FINANCING","Trade ID: 104","AUD/USD","","","","","","","","","-1.40640","","","","","","",""
"","2025-07-02 04:00:00 +07","DAILY_FINANCING","Trade ID: 72","AUD/USD","","","","","","","","","-0.41950","","","","","","",""
"","2025-07-02 04:00:00 +07","DAILY_FINANCING","Trade ID: 92","AUD/USD","","","","","","","","","-0.41170","","","","","","",""
"116","2025-07-02 04:01:08 +07","MARKET_ORDER","CLIENT_ORDER","AUD/CAD","","31565.00","Buy","","","","","","","","","","","","",""
"117","2025-07-02 04:01:08 +07","ORDER_CANCEL","MARKET_HALTED","","","","","","","","","","","","","","","","",""
"118","2025-07-02 09:15:12 +07","MARKET_ORDER","CLIENT_ORDER","GBP/USD","","30998.00","Sell","","","","","","","","","","","","",""
"119","2025-07-02 09:15:12 +07","ORDER_CANCEL","INSUFFICIENT_MARGIN","","","","","","","","","","","","","","","","",""
"120","2025-07-02 11:03:08 +07","MARKET_ORDER","TRADE_CLOSE","AUD/USD","","66118.00","Buy","","","","","","","","","","","","",""
"121","2025-07-02 11:03:08 +07","ORDER_FILL","MARKET_ORDER_TRADE_CLOSE","AUD/USD","0.65793","66118.00","Buy","2.9753","","","","","0.00000","0.0000","0.0000","","1.0000","-296.86980","","9163.79"
"122","2025-07-02 11:03:22 +07","MARKET_ORDER","TRADE_CLOSE","AUD/USD","","64901.00","Buy","","","","","","","","","","","","",""
"123","2025-07-02 11:03:22 +07","ORDER_FILL","MARKET_ORDER_TRADE_CLOSE","AUD/USD","0.65793","64901.00","Buy","2.9205","","","","","0.00000","0.0000","0.0000","","1.0000","-53.86780","","9109.92"
"124","2025-07-02 11:03:46 +07","MARKET_ORDER","TRADE_CLOSE","EUR/JPY","","169.00","Buy","","","","","","","","","","","","",""
"125","2025-07-02 11:03:46 +07","ORDER_FILL","MARKET_ORDER_TRADE_CLOSE","EUR/JPY","169.35900","169.00","Buy","0.0165","","","","","0.00000","0.0000","0.0000","","0.0070","-0.91010","","9109.01"
"126","2025-07-02 11:03:49 +07","MARKET_ORDER","TRADE_CLOSE","EUR/JPY","","168.00","Sell","","","","","","","","","","","","",""
"127","2025-07-02 11:03:49 +07","ORDER_FILL","MARKET_ORDER_TRADE_CLOSE","EUR/JPY","169.33100","168.00","Sell","0.0158","","","","","0.00000","0.0000","0.0000","","0.0070","-0.22350","","9108.79"
"128","2025-07-02 11:08:12 +07","MARKET_ORDER","TRADE_CLOSE","EUR/JPY","","168.00","Buy","","","","","","","","","","","","",""
"129","2025-07-02 11:08:12 +07","ORDER_FILL","MARKET_ORDER_TRADE_CLOSE","EUR/JPY","169.36100","168.00","Buy","0.0164","","","","","0.00000","0.0000","0.0000","","0.0070","-0.50240","","9108.29"
"130","2025-07-02 11:08:58 +07","MARKET_ORDER","TRADE_CLOSE","USD/CAD","","31597.00","Sell","","","","","","","","","","","","",""
"131","2025-07-02 11:08:58 +07","ORDER_FILL","MARKET_ORDER_TRADE_CLOSE","USD/CAD","1.36478","31597.00","Sell","1.7363","","","","","0.00000","0.0000","0.0000","","0.7363","-32.34000","","9075.95"
"132","2025-07-02 11:10:21 +07","MARKET_ORDER","TRADE_CLOSE","USD/THB","","873.00","Sell","","","","","","","","","","","","",""
"133","2025-07-02 11:10:21 +07","ORDER_FILL","MARKET_ORDER_TRADE_CLOSE","USD/THB","32.43300","873.00","Sell","0.2422","","","","","0.00000","0.0000","0.0000","","0.0310","-3.00190","","9072.94"
"134","2025-07-02 11:15:15 +07","MARKET_ORDER","CLIENT_ORDER","AUD/USD","","61986.00","Buy","","","","","","","","","","","","",""
"135","2025-07-02 11:15:15 +07","ORDER_CANCEL","INSUFFICIENT_MARGIN","","","","","","","","","","","","","","","","",""
"136","2025-07-02 14:00:17 +07","MARKET_ORDER","CLIENT_ORDER","AUD/USD","","62181.00","Sell","","","","","","","","","","","","",""
"137","2025-07-02 14:00:17 +07","ORDER_FILL","MARKET_ORDER","AUD/USD","0.65700","62181.00","Sell","2.4872","","","","","0.00000","0.0000","0.0000","","","0.00000","","9072.94"
"138","2025-07-02 18:34:40 +07","MARGIN_CALL_ENTER","","","","","","","","","","","","","","","","","",""
"139","2025-07-02 19:00:06 +07","MARKET_ORDER","CLIENT_ORDER","AUD/USD","","62342.00","Sell","","","","","","","","","","","","",""
"140","2025-07-02 19:00:06 +07","ORDER_CANCEL","INSUFFICIENT_MARGIN","","","","","","","","","","","","","","","","",""
"141","2025-07-02 20:00:11 +07","MARKET_ORDER","CLIENT_ORDER","NZD/USD","","67508.00","Sell","","","","","","","","","","","","",""
"142","2025-07-02 20:00:11 +07","ORDER_CANCEL","INSUFFICIENT_MARGIN","","","","","","","","","","","","","","","","",""
"143","2025-07-02 23:00:07 +07","MARKET_ORDER","CLIENT_ORDER","USD/CAD","","29981.00","Sell","","","","","","","","","","","","",""
"144","2025-07-02 23:00:07 +07","ORDER_CANCEL","INSUFFICIENT_MARGIN","","","","","","","","","","","","","","","","",""
"145","2025-07-02 23:00:09 +07","MARKET_ORDER","CLIENT_ORDER","USD/THB","","841.00","Sell","","","","","","","","","","","","",""
"146","2025-07-02 23:00:09 +07","ORDER_FILL","MARKET_ORDER","USD/THB","32.36800","841.00","Sell","0.2987","","","","","0.00000","0.0000","0.0000","","","0.00000","","9072.94"
"147","2025-07-02 23:00:10 +07","MARKET_ORDER","CLIENT_ORDER","ETH/USD","","2.00","Buy","","","","","","","","","","","","",""
"148","2025-07-02 23:00:10 +07","ORDER_CANCEL","INSUFFICIENT_MARGIN","","","","","","","","","","","","","","","","",""
"149","2025-07-03 00:15:11 +07","MARKET_ORDER","CLIENT_ORDER","AUD/USD","","62014.00","Buy","","","","","","","","","","","","",""
"150","2025-07-03 00:15:11 +07","ORDER_CANCEL","INSUFFICIENT_MARGIN","","","","","","","","","","","","","","","","",""
"151","2025-07-03 00:35:32 +07","MARKET_ORDER","TRADE_CLOSE","EUR/USD","","36305.00","Sell","","","","","","","","","","","","",""
"152","2025-07-03 00:35:32 +07","ORDER_FILL","MARKET_ORDER_TRADE_CLOSE","EUR/USD","1.17964","36305.00","Sell","1.6337","","","","","0.00000","0.0000","0.0000","","1.0000","176.80540","","9249.75"
"153","2025-07-03 00:35:38 +07","MARKET_ORDER","TRADE_CLOSE","USD/CAD","","31255.00","Buy","","","","","","","","","","","","",""
"154","2025-07-03 00:35:38 +07","ORDER_FILL","MARKET_ORDER_TRADE_CLOSE","USD/CAD","1.36016","31255.00","Buy","1.8384","","","","","0.00000","0.0000","0.0000","","0.7316","100.15030","","9349.90"
"155","2025-07-03 00:45:00 +07","MARKET_ORDER","POSITION_CLOSEOUT","EUR/JPY","","168.00","Sell","","","","","","","","","","","","",""
"156","2025-07-03 00:45:00 +07","ORDER_FILL","MARKET_ORDER_POSITION_CLOSEOUT","EUR/JPY","169.49300","168.00","Sell","0.0164","","","","","0.00000","0.0000","0.0000","","0.0070","-0.09160","","9349.81"
"157","2025-07-03 02:01:04 +07","MARKET_ORDER","CLIENT_ORDER","NZD/USD","","69041.00","Buy","","","","","","","","","","","","",""
"158","2025-07-03 02:01:04 +07","ORDER_CANCEL","MARKET_HALTED","","","","","","","","","","","","","","","","",""
"159","2025-07-03 03:00:00 +07","MARGIN_CALL_EXIT","MARGIN_CONDITIONS_SATISFIED","","","","","","","","","","","","","","","","",""
"160","2025-07-03 03:08:33 +07","MARKET_ORDER","TRADE_CLOSE","USD/THB","","876.00","Buy","","","","","","","","","","","","",""
"161","2025-07-03 03:08:33 +07","ORDER_FILL","MARKET_ORDER_TRADE_CLOSE","USD/THB","32.35600","876.00","Buy","0.3656","","","","","0.00000","0.0000","0.0000","","0.0308","2.47940","","9352.29"
"162","2025-07-03 03:08:35 +07","MARKET_ORDER","TRADE_CLOSE","USD/THB","","841.00","Buy","","","","","","","","","","","","",""
"163","2025-07-03 03:08:35 +07","ORDER_FILL","MARKET_ORDER_TRADE_CLOSE","USD/THB","32.35600","841.00","Buy","0.3510","","","","","0.00000","0.0000","0.0000","","0.0308","0.31050","","9352.60"
"164","2025-07-03 04:00:00 +07","DAILY_FINANCING","","","","","","","","","","","0.97700","","","","","","","9353.57"
"","2025-07-03 04:00:00 +07","DAILY_FINANCING","Trade ID: 100","GBP/NZD","","","","","","","","","0.11730","","","","","","",""
"","2025-07-03 04:00:00 +07","DAILY_FINANCING","Trade ID: 94","AUD/USD","","","","","","","","","0.29060","","","","","","",""
"","2025-07-03 04:00:00 +07","DAILY_FINANCING","Trade ID: 104","AUD/USD","","","","","","","","","0.29010","","","","","","",""
"","2025-07-03 04:00:00 +07","DAILY_FINANCING","Trade ID: 137","AUD/USD","","","","","","","","","0.27900","","","","","","",""
"165","2025-07-03 05:51:33 +07","MARKET_ORDER","TRADE_CLOSE","AUD/USD","","62181.00","Buy","","","","","","","","","","","","",""
"166","2025-07-03 05:51:33 +07","ORDER_FILL","MARKET_ORDER_TRADE_CLOSE","AUD/USD","0.65881","62181.00","Buy","3.1090","","","","","0.00000","0.0000","0.0000","","1.0000","-112.54760","","9241.03"
"167","2025-07-03 05:51:52 +07","MARKET_ORDER","TRADE_CLOSE","AUD/USD","","64760.00","Sell","","","","","","","","","","","","",""
"168","2025-07-03 05:51:52 +07","ORDER_FILL","MARKET_ORDER_TRADE_CLOSE","AUD/USD","0.65871","64760.00","Sell","3.2380","","","","","0.00000","0.0000","0.0000","","1.0000","64.11240","","9305.14"
"169","2025-07-03 05:51:56 +07","MARKET_ORDER","TRADE_CLOSE","GBP/NZD","","12626.00","Buy","","","","","","","","","","","","",""
"170","2025-07-03 05:51:56 +07","ORDER_FILL","MARKET_ORDER_TRADE_CLOSE","GBP/NZD","2.24194","12626.00","Buy","4.8458","","","","","0.00000","0.0000","0.0000","","0.6062","74.54310","","9379.68"
"171","2025-07-03 09:25:49 +07","MARKET_ORDER","TRADE_CLOSE","AUD/USD","","64660.00","Sell","","","","","","","","","","","","",""
"172","2025-07-03 09:25:49 +07","ORDER_FILL","MARKET_ORDER_TRADE_CLOSE","AUD/USD","0.65669","64660.00","Sell","2.5864","","","","","0.00000","0.0000","0.0000","","1.0000","-132.55300","","9247.13"
"173","2025-07-03 09:33:54 +07","MARKET_ORDER","CLIENT_ORDER","GBP/USD","","2000.00","Sell","","","","","","","","","","","","",""
"174","2025-07-03 09:33:54 +07","ORDER_FILL","MARKET_ORDER","GBP/USD","1.36336","2000.00","Sell","0.1400","","","","","0.00000","0.0000","0.0000","","","0.00000","","9247.13"
"175","2025-07-03 10:30:31 +07","MARKET_ORDER","TRADE_CLOSE","GBP/USD","","2000.00","Buy","","","","","","","","","","","","",""
"176","2025-07-03 10:30:31 +07","ORDER_FILL","MARKET_ORDER_TRADE_CLOSE","GBP/USD","1.36323","2000.00","Buy","0.1500","","","","","0.00000","0.0000","0.0000","","1.0000","0.26000","","9247.39"
"177","2025-07-03 10:39:10 +07","MARKET_ORDER","CLIENT_ORDER","GBP/USD","","2000.00","Sell","","","","1.35934","","","","","","","","",""
"178","2025-07-03 10:39:10 +07","ORDER_FILL","MARKET_ORDER","GBP/USD","1.36294","2000.00","Sell","0.1600","","","","","0.00000","0.0000","0.0000","","","0.00000","","9247.39"
"179","2025-07-03 10:39:10 +07","TAKE_PROFIT_ORDER","ON_FILL","","1.35934","","","","","","","","","","","","","","",""
"180","2025-07-03 13:15:03 +07","MARKET_ORDER","CLIENT_ORDER","GBP/USD","","30491.00","Buy","","","","","","","","","","","","",""
"181","2025-07-03 13:15:03 +07","ORDER_FILL","MARKET_ORDER","GBP/USD","1.36460","30491.00","Buy","2.1344","","","","","0.00000","0.0000","0.0000","","","0.00000","","9247.39"
"182","2025-07-03 13:45:10 +07","MARKET_ORDER","CLIENT_ORDER","AUD/USD","","63228.00","Buy","","","","","","","","","","","","",""
"183","2025-07-03 13:45:10 +07","ORDER_FILL","MARKET_ORDER","AUD/USD","0.65776","63228.00","Buy","2.2130","","","","","0.00000","0.0000","0.0000","","","0.00000","","9247.39"
"184","2025-07-03 14:15:06 +07","MARKET_ORDER","POSITION_CLOSEOUT","GBP/USD","","30491.00","Sell","","","","","","","","","","","","",""
"185","2025-07-03 14:15:06 +07","ORDER_FILL","MARKET_ORDER_POSITION_CLOSEOUT","GBP/USD","1.36626","30491.00","Sell","2.4393","","","","","0.00000","0.0000","0.0000","","1.0000","50.61510","","9298.00"
"186","2025-07-03 14:15:06 +07","MARKET_ORDER","POSITION_CLOSEOUT","GBP/USD","","2000.00","Buy","","","","","","","","","","","","",""
"187","2025-07-03 14:15:06 +07","ORDER_FILL","MARKET_ORDER_POSITION_CLOSEOUT","GBP/USD","1.36642","2000.00","Buy","0.1600","","","","","0.00000","0.0000","0.0000","","1.0000","-6.96000","","9291.04"
"188","2025-07-03 14:15:06 +07","ORDER_CANCEL","LINKED_TRADE_CLOSED","","","","","","","","","","","","","","","","",""
"189","2025-07-03 14:49:23 +07","MARKET_ORDER_REJECT","POSITION_CLOSEOUT","AUD/USD","","63228.00","","","","","","","","","","","","","",""
"190","2025-07-03 14:49:23 +07","MARKET_ORDER_REJECT","POSITION_CLOSEOUT","AUD/USD","","","","","","","","","","","","","","","",""
"191","2025-07-03 14:49:27 +07","MARKET_ORDER_REJECT","POSITION_CLOSEOUT","AUD/USD","","63228.00","","","","","","","","","","","","","",""
"192","2025-07-03 14:49:27 +07","MARKET_ORDER_REJECT","POSITION_CLOSEOUT","AUD/USD","","","","","","","","","","","","","","","",""
"193","2025-07-03 14:49:31 +07","MARKET_ORDER_REJECT","POSITION_CLOSEOUT","AUD/USD","","63228.00","","","","","","","","","","","","","",""
"194","2025-07-03 14:49:31 +07","MARKET_ORDER_REJECT","POSITION_CLOSEOUT","AUD/USD","","","","","","","","","","","","","","","",""
"195","2025-07-03 14:49:38 +07","MARKET_ORDER_REJECT","POSITION_CLOSEOUT","AUD/USD","","63228.00","","","","","","","","","","","","","",""
"196","2025-07-03 14:49:38 +07","MARKET_ORDER_REJECT","POSITION_CLOSEOUT","AUD/USD","","","","","","","","","","","","","","","",""
"197","2025-07-03 14:49:48 +07","MARKET_ORDER_REJECT","POSITION_CLOSEOUT","AUD/USD","","63228.00","","","","","","","","","","","","","",""
"198","2025-07-03 14:49:48 +07","MARKET_ORDER_REJECT","POSITION_CLOSEOUT","AUD/USD","","","","","","","","","","","","","","","",""
"199","2025-07-03 15:00:07 +07","MARKET_ORDER","CLIENT_ORDER","GBP/JPY","","142.00","Buy","","","","","","","","","","","","",""
"200","2025-07-03 15:00:07 +07","ORDER_FILL","MARKET_ORDER","GBP/JPY","196.51600","142.00","Buy","0.0173","","","","","0.00000","0.0000","0.0000","","","0.00000","","9291.04"
"201","2025-07-03 19:00:12 +07","MARKET_ORDER_REJECT","POSITION_CLOSEOUT","GBP/JPY","","142.00","","","","","","","","","","","","","",""
"202","2025-07-03 19:00:12 +07","MARKET_ORDER_REJECT","POSITION_CLOSEOUT","GBP/JPY","","","","","","","","","","","","","","","",""
"203","2025-07-03 19:00:15 +07","MARKET_ORDER_REJECT","POSITION_CLOSEOUT","GBP/JPY","","142.00","","","","","","","","","","","","","",""
"204","2025-07-03 19:00:15 +07","MARKET_ORDER_REJECT","POSITION_CLOSEOUT","GBP/JPY","","","","","","","","","","","","","","","",""
"205","2025-07-03 19:00:19 +07","MARKET_ORDER_REJECT","POSITION_CLOSEOUT","GBP/JPY","","142.00","","","","","","","","","","","","","",""
"206","2025-07-03 19:00:19 +07","MARKET_ORDER_REJECT","POSITION_CLOSEOUT","GBP/JPY","","","","","","","","","","","","","","","",""
"207","2025-07-03 19:00:26 +07","MARKET_ORDER_REJECT","POSITION_CLOSEOUT","GBP/JPY","","142.00","","","","","","","","","","","","","",""
"208","2025-07-03 19:00:26 +07","MARKET_ORDER_REJECT","POSITION_CLOSEOUT","GBP/JPY","","","","","","","","","","","","","","","",""
"209","2025-07-03 19:00:36 +07","MARKET_ORDER_REJECT","POSITION_CLOSEOUT","GBP/JPY","","142.00","","","","","","","","","","","","","",""
"210","2025-07-03 19:00:36 +07","MARKET_ORDER_REJECT","POSITION_CLOSEOUT","GBP/JPY","","","","","","","","","","","","","","","",""
"211","2025-07-03 19:37:25 +07","MARKET_ORDER","TRADE_CLOSE","GBP/JPY","","142.00","Sell","","","","","","","","","","","","",""
"212","2025-07-03 19:37:25 +07","ORDER_FILL","MARKET_ORDER_TRADE_CLOSE","GBP/JPY","197.05000","142.00","Sell","0.0196","","","","","0.00000","0.0000","0.0000","","0.0069","0.52100","","9291.57"
"213","2025-07-03 19:39:04 +07","MARKET_ORDER","TRADE_CLOSE","AUD/USD","","63228.00","Sell","","","","","","","","","","","","",""
"214","2025-07-03 19:39:04 +07","ORDER_FILL","MARKET_ORDER_TRADE_CLOSE","AUD/USD","0.65495","63228.00","Sell","2.8453","","","","","0.00000","0.0000","0.0000","","1.0000","-177.67070","","9113.89"
"215","2025-07-03 19:45:10 +07","MARKET_ORDER","CLIENT_ORDER","GBP/USD","","30165.00","Sell","","","","","","","","","","","","",""
"216","2025-07-03 19:45:10 +07","ORDER_FILL","MARKET_ORDER","GBP/USD","1.35977","30165.00","Sell","2.2624","","","","","0.00000","0.0000","0.0000","","","0.00000","","9113.89"
"217","2025-07-03 20:00:04 +07","MARKET_ORDER","CLIENT_ORDER","USD/CAD","","30111.00","Buy","","","","","","","","","","","","",""
"218","2025-07-03 20:00:04 +07","ORDER_FILL","MARKET_ORDER","USD/CAD","1.36174","30111.00","Buy","1.5479","","","","","0.00000","0.0000","0.0000","","","0.00000","","9113.89"
"219","2025-07-03 20:00:04 +07","MARKET_ORDER","CLIENT_ORDER","NZD/USD","","67960.00","Sell","","","","","","","","","","","","",""
"220","2025-07-03 20:00:04 +07","ORDER_FILL","MARKET_ORDER","NZD/USD","0.60408","67960.00","Sell","3.7378","","","","","0.00000","0.0000","0.0000","","","0.00000","","9113.89"
"221","2025-07-03 20:00:05 +07","MARKET_ORDER","CLIENT_ORDER","AUD/USD","","62698.00","Sell","","","","","","","","","","","","",""
"222","2025-07-03 20:00:05 +07","ORDER_FILL","MARKET_ORDER","AUD/USD","0.65455","62698.00","Sell","2.1944","","","","","0.00000","0.0000","0.0000","","","0.00000","","9113.89"
"223","2025-07-03 20:00:22 +07","MARKET_ORDER","CLIENT_ORDER","USD/THB","","841.00","Buy","","","","","","","","","","","","",""
"224","2025-07-03 20:00:22 +07","ORDER_FILL","MARKET_ORDER","USD/THB","32.49100","841.00","Buy","0.3107","","","","","0.00000","0.0000","0.0000","","","0.00000","","9113.89"
"225","2025-07-03 20:45:10 +07","MARKET_ORDER","POSITION_CLOSEOUT","GBP/USD","","30165.00","Buy","","","","","","","","","","","","",""
"226","2025-07-03 20:45:10 +07","ORDER_FILL","MARKET_ORDER_POSITION_CLOSEOUT","GBP/USD","1.36592","30165.00","Buy","2.2624","","","","","0.00000","0.0000","0.0000","","1.0000","-185.51480","","8928.38"
"227","2025-07-03 21:00:04 +07","MARKET_ORDER","POSITION_CLOSEOUT","AUD/USD","","62698.00","Buy","","","","","","","","","","","","",""
"228","2025-07-03 21:00:04 +07","ORDER_FILL","MARKET_ORDER_POSITION_CLOSEOUT","AUD/USD","0.65707","62698.00","Buy","3.7619","","","","","0.00000","0.0000","0.0000","","1.0000","-157.99900","","8770.38"
"229","2025-07-03 21:00:10 +07","MARKET_ORDER","CLIENT_ORDER","GBP/NZD","","11685.00","Buy","","","","","","","","","","","","",""
"230","2025-07-03 21:00:10 +07","ORDER_FILL","MARKET_ORDER","GBP/NZD","2.25048","11685.00","Buy","3.6530","","","","","0.00000","0.0000","0.0000","","","0.00000","","8770.38"
"231","2025-07-03 23:00:07 +07","MARKET_ORDER","POSITION_CLOSEOUT","NZD/USD","","67960.00","Buy","","","","","","","","","","","","",""
"232","2025-07-03 23:00:07 +07","ORDER_FILL","MARKET_ORDER_POSITION_CLOSEOUT","NZD/USD","0.60683","67960.00","Buy","4.4174","","","","","0.00000","0.0000","0.0000","","1.0000","-186.89000","","8583.49"
"233","2025-07-04 00:01:06 +07","MARKET_ORDER","POSITION_CLOSEOUT","USD/THB","","841.00","Sell","","","","","","","","","","","","",""
"234","2025-07-04 00:01:06 +07","ORDER_FILL","MARKET_ORDER_POSITION_CLOSEOUT","USD/THB","32.43800","841.00","Sell","0.4664","","","","","0.00000","0.0000","0.0000","","0.0310","-1.38020","","8582.11"
"235","2025-07-04 01:00:18 +07","MARKET_ORDER","POSITION_CLOSEOUT","GBP/NZD","","11685.00","Sell","","","","","","","","","","","","",""
"236","2025-07-04 01:00:18 +07","ORDER_FILL","MARKET_ORDER_POSITION_CLOSEOUT","GBP/NZD","2.24947","11685.00","Sell","2.8348","","","","","0.00000","0.0000","0.0000","","0.6095","-7.19360","","8574.92"
"237","2025-07-04 03:00:06 +07","MARKET_ORDER","POSITION_CLOSEOUT","USD/CAD","","30111.00","Sell","","","","","","","","","","","","",""
"238","2025-07-04 03:00:06 +07","ORDER_FILL","MARKET_ORDER_POSITION_CLOSEOUT","USD/CAD","1.35816","30111.00","Sell","1.5519","","","","","0.00000","0.0000","0.0000","","0.7399","-79.76290","","8495.15"
"239","2025-07-04 12:00:07 +07","MARKET_ORDER","CLIENT_ORDER","GBP/USD","","27947.00","Buy","","","","","","","","","","","","",""
"240","2025-07-04 12:00:07 +07","ORDER_FILL","MARKET_ORDER","GBP/USD","1.36771","27947.00","Buy","2.2358","","","","","0.00000","0.0000","0.0000","","","0.00000","","8495.15"
"241","2025-07-04 12:00:24 +07","MARKET_ORDER","CLIENT_ORDER","USD/THB","","788.00","Sell","","","","","","","","","","","","",""
"242","2025-07-04 12:00:24 +07","ORDER_FILL","MARKET_ORDER","USD/THB","32.36000","788.00","Sell","0.2678","","","","","0.00000","0.0000","0.0000","","","0.00000","","8495.15"
"243","2025-07-04 13:00:06 +07","MARKET_ORDER","POSITION_CLOSEOUT","GBP/USD","","27947.00","Sell","","","","","","","","","","","","",""
"244","2025-07-04 13:00:06 +07","ORDER_FILL","MARKET_ORDER_POSITION_CLOSEOUT","GBP/USD","1.36753","27947.00","Sell","2.2358","","","","","0.00000","0.0000","0.0000","","1.0000","-5.03050","","8490.12"
"245","2025-07-04 14:30:06 +07","MARKET_ORDER","CLIENT_ORDER","GBP/USD","","27963.00","Sell","","","","","","","","","","","","",""
"246","2025-07-04 14:30:06 +07","ORDER_FILL","MARKET_ORDER","GBP/USD","1.36645","27963.00","Sell","2.2370","","","","","0.00000","0.0000","0.0000","","","0.00000","","8490.12"
"247","2025-07-04 15:30:05 +07","MARKET_ORDER","POSITION_CLOSEOUT","GBP/USD","","27963.00","Buy","","","","","","","","","","","","",""
"248","2025-07-04 15:30:05 +07","ORDER_FILL","MARKET_ORDER_POSITION_CLOSEOUT","GBP/USD","1.36614","27963.00","Buy","2.0972","","","","","0.00000","0.0000","0.0000","","1.0000","8.66850","","8498.79"
"249","2025-07-04 16:00:25 +07","MARKET_ORDER","POSITION_CLOSEOUT","USD/THB","","788.00","Buy","","","","","","","","","","","","",""
"250","2025-07-04 16:00:25 +07","ORDER_FILL","MARKET_ORDER_POSITION_CLOSEOUT","USD/THB","32.35300","788.00","Buy","0.2193","","","","","0.00000","0.0000","0.0000","","0.0308","0.16970","","8498.96"
"251","2025-07-04 20:00:07 +07","MARKET_ORDER","CLIENT_ORDER","USD/CAD","","28104.00","Buy","","","","","","","","","","","","",""
"252","2025-07-04 20:00:07 +07","ORDER_FILL","MARKET_ORDER","USD/CAD","1.36055","28104.00","Buy","1.7559","","","","","0.00000","0.0000","0.0000","","","0.00000","","8498.96"
"253","2025-07-05 00:00:04 +07","MARKET_ORDER","POSITION_CLOSEOUT","USD/CAD","","28104.00","Sell","","","","","","","","","","","","",""
"254","2025-07-05 00:00:04 +07","ORDER_FILL","MARKET_ORDER_POSITION_CLOSEOUT","USD/CAD","1.36074","28104.00","Sell","1.8587","","","","","0.00000","0.0000","0.0000","","0.7312","3.90430","","8502.87"
"255","2025-07-07 04:15:08 +07","MARKET_ORDER","CLIENT_ORDER","AUD/USD","","58257.00","Buy","","","","","","","","","","","","",""
"256","2025-07-07 04:15:08 +07","ORDER_FILL","MARKET_ORDER","AUD/USD","0.65639","58257.00","Buy","41.3625","","","","","0.00000","0.0000","0.0000","","","0.00000","","8502.87"
"257","2025-07-07 05:15:13 +07","MARKET_ORDER","POSITION_CLOSEOUT","AUD/USD","","58257.00","Sell","","","","","","","","","","","","",""
"258","2025-07-07 05:15:13 +07","ORDER_FILL","MARKET_ORDER_POSITION_CLOSEOUT","AUD/USD","0.65519","58257.00","Sell","3.2041","","","","","0.00000","0.0000","0.0000","","1.0000","-69.90840","","8432.96"
"259","2025-07-07 07:00:03 +07","MARKET_ORDER","CLIENT_ORDER","AUD/USD","","57972.00","Sell","","","","","","","","","","","","",""
"260","2025-07-07 07:00:03 +07","ORDER_FILL","MARKET_ORDER","AUD/USD","0.65500","57972.00","Sell","2.0290","","","","","0.00000","0.0000","0.0000","","","0.00000","","8432.96"
"261","2025-07-07 08:00:03 +07","MARKET_ORDER","CLIENT_ORDER","USD/THB","","780.00","Buy","","","","","","","","","","","","",""
"262","2025-07-07 08:00:03 +07","ORDER_FILL","MARKET_ORDER","USD/THB","32.42400","780.00","Buy","0.2647","","","","","0.00000","0.0000","0.0000","","","0.00000","","8432.96"
"263","2025-07-07 08:00:04 +07","MARKET_ORDER","POSITION_CLOSEOUT","AUD/USD","","57972.00","Buy","","","","","","","","","","","","",""
"264","2025-07-07 08:00:04 +07","ORDER_FILL","MARKET_ORDER_POSITION_CLOSEOUT","AUD/USD","0.65390","57972.00","Buy","2.8986","","","","","0.00000","0.0000","0.0000","","1.0000","63.76920","","8496.73"
"265","2025-07-07 12:00:26 +07","MARKET_ORDER","POSITION_CLOSEOUT","USD/THB","","780.00","Sell","","","","","","","","","","","","",""
"266","2025-07-07 12:00:26 +07","ORDER_FILL","MARKET_ORDER_POSITION_CLOSEOUT","USD/THB","32.55800","780.00","Sell","0.2275","","","","","0.00000","0.0000","0.0000","","0.0306","3.19330","","8499.92"
"267","2025-07-07 13:00:05 +07","MARKET_ORDER","CLIENT_ORDER","GBP/USD","","28087.00","Sell","","","","","","","","","","","","",""
"268","2025-07-07 13:00:05 +07","ORDER_FILL","MARKET_ORDER","GBP/USD","1.36202","28087.00","Sell","1.9661","","","","","0.00000","0.0000","0.0000","","","0.00000","","8499.92"
"269","2025-07-07 17:00:22 +07","MARKET_ORDER","POSITION_CLOSEOUT","GBP/USD","","28087.00","Buy","","","","","","","","","","","","",""
"270","2025-07-07 17:00:22 +07","ORDER_FILL","MARKET_ORDER_POSITION_CLOSEOUT","GBP/USD","1.36060","28087.00","Buy","1.6852","","","","","0.00000","0.0000","0.0000","","1.0000","39.88350","","8539.80"
"271","2025-07-07 21:45:04 +07","MARKET_ORDER","CLIENT_ORDER","USD/CHF","","48278.00","Sell","","","","","","","","","","","","",""
"272","2025-07-07 21:45:04 +07","ORDER_FILL","MARKET_ORDER","USD/CHF","0.79625","48278.00","Sell","3.6376","","","","","0.00000","0.0000","0.0000","","","0.00000","","8539.80"
"273","2025-07-07 22:00:14 +07","MARKET_ORDER","CLIENT_ORDER","GBP/USD","","28176.00","Buy","","","","","","","","","","","","",""
"274","2025-07-07 22:00:14 +07","ORDER_FILL","MARKET_ORDER","GBP/USD","1.36368","28176.00","Buy","1.9723","","","","","0.00000","0.0000","0.0000","","","0.00000","","8539.80"
"275","2025-07-07 22:45:14 +07","MARKET_ORDER","POSITION_CLOSEOUT","USD/CHF","","48278.00","Buy","","","","","","","","","","","","",""
"276","2025-07-07 22:45:14 +07","ORDER_FILL","MARKET_ORDER_POSITION_CLOSEOUT","USD/CHF","0.79674","48278.00","Buy","4.2420","","","","","0.00000","0.0000","0.0000","","1.2615","-29.84230","","8509.96"
"277","2025-07-07 23:30:24 +07","MARKET_ORDER","CLIENT_ORDER","EUR/USD","","32665.00","Sell","","","","","","","","","","","","",""
"278","2025-07-07 23:30:24 +07","ORDER_FILL","MARKET_ORDER","EUR/USD","1.17245","32665.00","Sell","1.7966","","","","","0.00000","0.0000","0.0000","","","0.00000","","8509.96"
"279","2025-07-07 23:45:08 +07","MARKET_ORDER","CLIENT_ORDER","GBP/USD","","28137.00","Sell","","","","","","","","","","","","",""
"280","2025-07-07 23:45:08 +07","ORDER_FILL","MARKET_ORDER","GBP/USD","1.36117","28137.00","Sell","2.3916","","","","","0.00000","0.0000","0.0000","","","0.00000","","8509.96"
"281","2025-07-07 23:45:11 +07","MARKET_ORDER","CLIENT_ORDER","AUD/USD","","58941.00","Sell","","","","","","","","","","","","",""
"282","2025-07-07 23:45:11 +07","ORDER_FILL","MARKET_ORDER","AUD/USD","0.65012","58941.00","Sell","1.7682","","","","","0.00000","0.0000","0.0000","","","0.00000","","8509.96"
"283","2025-07-07 23:45:11 +07","MARKET_ORDER","CLIENT_ORDER","USD/CAD","","28024.00","Buy","","","","","","","","","","","","",""
"284","2025-07-07 23:45:11 +07","ORDER_FILL","MARKET_ORDER","USD/CAD","1.36618","28024.00","Buy","1.1282","","","","","0.00000","0.0000","0.0000","","","0.00000","","8509.96"
"285","2025-07-07 23:45:25 +07","MARKET_ORDER","CLIENT_ORDER","USD/THB","","1175.00","Buy","","","","","","","","","","","","",""
"286","2025-07-07 23:45:25 +07","ORDER_FILL","MARKET_ORDER","USD/THB","32.59600","1175.00","Buy","0.4327","","","","","0.00000","0.0000","0.0000","","","0.00000","","8509.96"
"287","2025-07-08 00:00:08 +07","MARKET_ORDER","CLIENT_ORDER","USD/CHF","","47936.00","Buy","","","","","","","","","","","","",""
"288","2025-07-08 00:00:08 +07","ORDER_CANCEL","INSUFFICIENT_MARGIN","","","","","","","","","","","","","","","","",""
"289","2025-07-08 00:30:04 +07","MARKET_ORDER","POSITION_CLOSEOUT","EUR/USD","","32665.00","Buy","","","","","","","","","","","","",""
"290","2025-07-08 00:30:04 +07","ORDER_FILL","MARKET_ORDER_POSITION_CLOSEOUT","EUR/USD","1.16946","32665.00","Buy","1.6332","","","","","0.00000","0.0000","0.0000","","1.0000","97.66840","","8607.63"
"291","2025-07-08 00:45:05 +07","MARKET_ORDER","POSITION_CLOSEOUT","AUD/USD","","58941.00","Buy","","","","","","","","","","","","",""
"292","2025-07-08 00:45:05 +07","ORDER_FILL","MARKET_ORDER_POSITION_CLOSEOUT","AUD/USD","0.64967","58941.00","Buy","2.6523","","","","","0.00000","0.0000","0.0000","","1.0000","26.52340","","8634.15"
"293","2025-07-08 00:45:05 +07","MARKET_ORDER","POSITION_CLOSEOUT","USD/CAD","","28024.00","Sell","","","","","","","","","","","","",""
"294","2025-07-08 00:45:05 +07","ORDER_FILL","MARKET_ORDER_POSITION_CLOSEOUT","USD/CAD","1.36659","28024.00","Sell","1.4354","","","","","0.00000","0.0000","0.0000","","0.7281","8.36520","","8642.52"
"295","2025-07-08 00:45:07 +07","MARKET_ORDER","POSITION_CLOSEOUT","GBP/USD","","28176.00","Sell","","","","","","","","","","","","",""
"296","2025-07-08 00:45:07 +07","ORDER_FILL","MARKET_ORDER_POSITION_CLOSEOUT","GBP/USD","1.36033","28176.00","Sell","1.9723","","","","","0.00000","0.0000","0.0000","","1.0000","-94.38960","","8548.13"
"297","2025-07-08 00:45:07 +07","MARKET_ORDER","POSITION_CLOSEOUT","GBP/USD","","28137.00","Buy","","","","","","","","","","","","",""
"298","2025-07-08 00:45:07 +07","ORDER_FILL","MARKET_ORDER_POSITION_CLOSEOUT","GBP/USD","1.36047","28137.00","Buy","1.9696","","","","","0.00000","0.0000","0.0000","","1.0000","19.69590","","8567.83"
"299","2025-07-08 01:00:21 +07","MARKET_ORDER","CLIENT_ORDER","USD/CAD","","28187.00","Buy","","","","","","","","","","","","",""
"300","2025-07-08 01:00:21 +07","ORDER_FILL","MARKET_ORDER","USD/CAD","1.36751","28187.00","Buy","1.3398","","","","","0.00000","0.0000","0.0000","","","0.00000","","8567.83"
"301","2025-07-08 04:00:00 +07","DAILY_FINANCING","","","","","","","","","","","0.43840","","","","","","","8568.26"
"","2025-07-08 04:00:00 +07","DAILY_FINANCING","Trade ID: 300","USD/CAD","","","","","","","","","0.78000","","","","","","",""
"","2025-07-08 04:00:00 +07","DAILY_FINANCING","Trade ID: 286","USD/THB","","","","","","","","","-0.34160","","","","","","",""
"302","2025-07-08 05:00:06 +07","MARKET_ORDER","POSITION_CLOSEOUT","USD/CAD","","28187.00","Sell","","","","","","","","","","","","",""
"303","2025-07-08 05:00:06 +07","ORDER_FILL","MARKET_ORDER_POSITION_CLOSEOUT","USD/CAD","1.36794","28187.00","Sell","4.0175","","","","","0.00000","0.0000","0.0000","","0.7273","8.81480","","8577.08"
"304","2025-07-08 05:30:07 +07","MARKET_ORDER","CLIENT_ORDER","GBP/JPY","","194.00","Sell","","","","","","","","","","","","",""
"305","2025-07-08 05:30:07 +07","ORDER_FILL","MARKET_ORDER","GBP/JPY","198.54600","194.00","Sell","0.0299","","","","","0.00000","0.0000","0.0000","","","0.00000","","8577.08"
"306","2025-07-08 06:30:14 +07","MARKET_ORDER","CLIENT_ORDER","USD/CHF","","48432.00","Sell","","","","","","","","","","","","",""
"307","2025-07-08 06:30:14 +07","ORDER_FILL","MARKET_ORDER","USD/CHF","0.79719","48432.00","Sell","5.4672","","","","","0.00000","0.0000","0.0000","","","0.00000","","8577.08"
"308","2025-07-08 07:00:05 +07","MARKET_ORDER","CLIENT_ORDER","AUD/USD","","59278.00","Buy","","","","","","","","","","","","",""
"309","2025-07-08 07:00:05 +07","ORDER_FILL","MARKET_ORDER","AUD/USD","0.65071","59278.00","Buy","2.3711","","","","","0.00000","0.0000","0.0000","","","0.00000","","8577.08"
"310","2025-07-08 07:15:04 +07","MARKET_ORDER","CLIENT_ORDER","GBP/USD","","28299.00","Buy","","","","","","","","","","","","",""
"311","2025-07-08 07:15:04 +07","ORDER_FILL","MARKET_ORDER","GBP/USD","1.36372","28299.00","Buy","2.2639","","","","","0.00000","0.0000","0.0000","","","0.00000","","8577.08"
"312","2025-07-08 07:30:07 +07","MARKET_ORDER","POSITION_CLOSEOUT","USD/CHF","","48432.00","Buy","","","","","","","","","","","","",""
"313","2025-07-08 07:30:07 +07","ORDER_FILL","MARKET_ORDER_POSITION_CLOSEOUT","USD/CHF","0.79699","48432.00","Buy","4.5581","","","","","0.00000","0.0000","0.0000","","1.2486","12.09410","","8589.17"
"314","2025-07-08 07:45:06 +07","MARKET_ORDER","CLIENT_ORDER","EUR/USD","","32904.00","Buy","","","","","","","","","","","","",""
"315","2025-07-08 07:45:06 +07","ORDER_FILL","MARKET_ORDER","EUR/USD","1.17456","32904.00","Buy","1.3162","","","","","0.00000","0.0000","0.0000","","","0.00000","","8589.17"
"316","2025-07-08 07:45:07 +07","MARKET_ORDER","CLIENT_ORDER","USD/THB","","1188.00","Sell","","","","","","","","","","","","",""
"317","2025-07-08 07:45:07 +07","ORDER_FILL","MARKET_ORDER","USD/THB","32.54300","1188.00","Sell","0.4197","","","","","0.00000","0.0000","0.0000","","","0.00000","","8589.17"
"318","2025-07-08 08:00:06 +07","MARKET_ORDER","CLIENT_ORDER","GBP/JPY","","194.00","Buy","","","","","","","","","","","","",""
"319","2025-07-08 08:00:06 +07","ORDER_FILL","MARKET_ORDER","GBP/JPY","199.21200","194.00","Buy","0.0239","","","","","0.00000","0.0000","0.0000","","","0.00000","","8589.17"
"320","2025-07-08 08:00:13 +07","MARKET_ORDER","POSITION_CLOSEOUT","AUD/USD","","59278.00","Sell","","","","","","","","","","","","",""
"321","2025-07-08 08:00:13 +07","ORDER_FILL","MARKET_ORDER_POSITION_CLOSEOUT","AUD/USD","0.65124","59278.00","Sell","2.6675","","","","","0.00000","0.0000","0.0000","","1.0000","31.41730","","8620.59"
"322","2025-07-08 08:15:08 +07","MARKET_ORDER","POSITION_CLOSEOUT","GBP/USD","","28299.00","Sell","","","","","","","","","","","","",""
"323","2025-07-08 08:15:08 +07","ORDER_FILL","MARKET_ORDER_POSITION_CLOSEOUT","GBP/USD","1.36203","28299.00","Sell","2.4054","","","","","0.00000","0.0000","0.0000","","1.0000","-47.82530","","8572.76"
"324","2025-07-08 08:45:03 +07","MARKET_ORDER","POSITION_CLOSEOUT","EUR/USD","","32904.00","Sell","","","","","","","","","","","","",""
"325","2025-07-08 08:45:03 +07","ORDER_FILL","MARKET_ORDER_POSITION_CLOSEOUT","EUR/USD","1.17388","32904.00","Sell","1.8097","","","","","0.00000","0.0000","0.0000","","1.0000","-22.37470","","8550.39"
"326","2025-07-08 09:01:04 +07","MARKET_ORDER","CLIENT_ORDER","USD/THB","","1183.00","Sell","","","","","","","","","","","","",""
"327","2025-07-08 09:01:04 +07","ORDER_FILL","MARKET_ORDER","USD/THB","32.52500","1183.00","Sell","0.3091","","","","","0.00000","0.0000","0.0000","","","0.00000","","8550.39"
"328","2025-07-08 09:45:08 +07","MARKET_ORDER","CLIENT_ORDER","USD/CAD","","28191.00","Sell","","","","","","","","","","","","",""
"329","2025-07-08 09:45:08 +07","ORDER_FILL","MARKET_ORDER","USD/CAD","1.36517","28191.00","Sell","1.4454","","","","","0.00000","0.0000","0.0000","","","0.00000","","8550.39"
"330","2025-07-08 10:00:09 +07","MARKET_ORDER","CLIENT_ORDER","AUD/USD","","59027.00","Buy","","","","","","","","","","","","",""
"331","2025-07-08 10:00:09 +07","ORDER_FILL","MARKET_ORDER","AUD/USD","0.65144","59027.00","Buy","2.3611","","","","","0.00000","0.0000","0.0000","","","0.00000","","8550.39"
"332","2025-07-08 10:00:09 +07","MARKET_ORDER","CLIENT_ORDER","AUD/CAD","","43221.00","Buy","","","","","","","","","","","","",""
"333","2025-07-08 10:00:09 +07","ORDER_FILL","MARKET_ORDER","AUD/CAD","0.88949","43221.00","Buy","3.9569","","","","","0.00000","0.0000","0.0000","","","0.00000","","8550.39"
"334","2025-07-08 10:45:08 +07","MARKET_ORDER","POSITION_CLOSEOUT","USD/CAD","","28191.00","Buy","","","","","","","","","","","","",""
"335","2025-07-08 10:45:08 +07","ORDER_FILL","MARKET_ORDER_POSITION_CLOSEOUT","USD/CAD","1.36501","28191.00","Buy","1.5490","","","","","0.00000","0.0000","0.0000","","0.7290","3.28810","","8553.68"
"336","2025-07-08 11:45:08 +07","MARKET_ORDER","CLIENT_ORDER","GBP/JPY","","194.00","Sell","","","","","","","","","","","","",""
"337","2025-07-08 11:45:08 +07","ORDER_FILL","MARKET_ORDER","GBP/JPY","198.90200","194.00","Sell","0.0226","","","","","0.00000","0.0000","0.0000","","","0.00000","","8553.68"
"338","2025-07-08 12:00:10 +07","MARKET_ORDER","CLIENT_ORDER","USD/CAD","","28200.00","Sell","","","","","","","","","","","","",""
"339","2025-07-08 12:00:10 +07","ORDER_FILL","MARKET_ORDER","USD/CAD","1.36525","28200.00","Sell","1.6523","","","","","0.00000","0.0000","0.0000","","","0.00000","","8553.68"
"340","2025-07-08 13:01:04 +07","MARKET_ORDER","POSITION_CLOSEOUT","USD/THB","","1175.00","Sell","","","","","","","","","","","","",""
"341","2025-07-08 13:01:04 +07","ORDER_FILL","MARKET_ORDER_POSITION_CLOSEOUT","USD/THB","32.47100","1175.00","Sell","0.3256","","","","","0.00000","0.0000","0.0000","","0.0309","-4.54460","","8549.13"
"342","2025-07-08 13:01:04 +07","MARKET_ORDER","POSITION_CLOSEOUT","USD/THB","","2371.00","Buy","","","","","","","","","","","","",""
"343","2025-07-08 13:01:04 +07","ORDER_FILL","MARKET_ORDER_POSITION_CLOSEOUT","USD/THB","32.48900","2371.00","Buy","0.6570","","","","","0.00000","0.0000","0.0000","","0.0306","3.26990","","8552.40"
"344","2025-07-08 13:30:11 +07","MARKET_ORDER","CLIENT_ORDER","USD/CHF","","48264.00","Buy","","","","","","","","","","","","",""
"345","2025-07-08 13:30:11 +07","ORDER_FILL","MARKET_ORDER","USD/CHF","0.79713","48264.00","Buy","4.2387","","","","","0.00000","0.0000","0.0000","","","0.00000","","8552.40"
"346","2025-07-08 13:30:11 +07","MARKET_ORDER","CLIENT_ORDER","USD/CHF","","48264.00","Buy","","","","","","","","","","","","",""
"347","2025-07-08 13:30:11 +07","ORDER_CANCEL","INSUFFICIENT_MARGIN","","","","","","","","","","","","","","","","",""
"348","2025-07-08 14:00:06 +07","MARKET_ORDER","POSITION_CLOSEOUT","AUD/USD","","59027.00","Sell","","","","","","","","","","","","",""
"349","2025-07-08 14:00:06 +07","ORDER_FILL","MARKET_ORDER_POSITION_CLOSEOUT","AUD/USD","0.65314","59027.00","Sell","2.0659","","","","","0.00000","0.0000","0.0000","","1.0000","100.34590","","8652.75"
"350","2025-07-08 14:00:09 +07","MARKET_ORDER","POSITION_CLOSEOUT","AUD/CAD","","43221.00","Sell","","","","","","","","","","","","",""
"351","2025-07-08 14:00:09 +07","ORDER_FILL","MARKET_ORDER_POSITION_CLOSEOUT","AUD/CAD","0.89168","43221.00","Sell","3.6401","","","","","0.00000","0.0000","0.0000","","0.7287","68.97310","","8721.72"
"352","2025-07-08 14:15:06 +07","MARKET_ORDER","CLIENT_ORDER","USD/CHF","","49332.00","Sell","","","","","","","","","","","","",""
"353","2025-07-08 14:15:06 +07","ORDER_FILL","MARKET_ORDER","USD/CHF","0.79584","49332.00","Sell","4.3387","","","","","0.00000","0.0000","0.0000","","","0.00000","","8721.72"
"354","2025-07-08 14:15:06 +07","MARKET_ORDER","CLIENT_ORDER","USD/CHF","","49332.00","Sell","","","","","","","","","","","","",""
"355","2025-07-08 14:15:06 +07","ORDER_FILL","MARKET_ORDER","USD/CHF","0.79584","49332.00","Sell","4.3387","","","","","0.00000","0.0000","0.0000","","","0.00000","","8721.72"
"356","2025-07-08 15:00:08 +07","MARKET_ORDER","CLIENT_ORDER","EUR/USD","","33371.00","Buy","","","","","","","","","","","","",""
"357","2025-07-08 15:00:08 +07","ORDER_FILL","MARKET_ORDER","EUR/USD","1.17600","33371.00","Buy","1.5017","","","","","0.00000","0.0000","0.0000","","","0.00000","","8721.72"
"358","2025-07-08 15:00:08 +07","MARKET_ORDER","CLIENT_ORDER","EUR/USD","","33371.00","Buy","","","","","","","","","","","","",""
"359","2025-07-08 15:00:08 +07","ORDER_CANCEL","INSUFFICIENT_MARGIN","","","","","","","","","","","","","","","","",""
"360","2025-07-08 15:45:07 +07","MARKET_ORDER","CLIENT_ORDER","GBP/USD","","28840.00","Sell","","","","","","","","","","","","",""
"361","2025-07-08 15:45:07 +07","ORDER_CANCEL","INSUFFICIENT_MARGIN","","","","","","","","","","","","","","","","",""
"362","2025-07-08 15:45:07 +07","MARKET_ORDER","CLIENT_ORDER","GBP/USD","","28840.00","Sell","","","","","","","","","","","","",""
"363","2025-07-08 15:45:07 +07","ORDER_CANCEL","INSUFFICIENT_MARGIN","","","","","","","","","","","","","","","","",""
"364","2025-07-08 16:00:06 +07","MARKET_ORDER","POSITION_CLOSEOUT","USD/CAD","","28200.00","Buy","","","","","","","","","","","","",""
"365","2025-07-08 16:00:06 +07","ORDER_FILL","MARKET_ORDER_POSITION_CLOSEOUT","USD/CAD","1.36461","28200.00","Buy","1.4466","","","","","0.00000","0.0000","0.0000","","0.7292","13.16030","","8734.88"
"366","2025-07-08 16:30:07 +07","MARKET_ORDER","CLIENT_ORDER","GBP/JPY","","198.00","Sell","","","","","","","","","","","","",""
"367","2025-07-08 16:30:07 +07","ORDER_FILL","MARKET_ORDER","GBP/JPY","198.86200","198.00","Sell","0.0217","","","","","0.00000","0.0000","0.0000","","","0.00000","","8734.88"
"368","2025-07-08 16:30:07 +07","MARKET_ORDER","CLIENT_ORDER","GBP/JPY","","132.00","Sell","","","","","","","","","","","","",""
"369","2025-07-08 16:30:07 +07","ORDER_FILL","MARKET_ORDER","GBP/JPY","198.86200","132.00","Sell","0.0145","","","","","0.00000","0.0000","0.0000","","","0.00000","","8734.88"
"370","2025-07-08 16:45:11 +07","MARKET_ORDER","CLIENT_ORDER","EUR/USD","","33481.00","Sell","","","","","","","","","","","","",""
"371","2025-07-08 16:45:11 +07","ORDER_FILL","MARKET_ORDER","EUR/USD","1.17410","33481.00","Sell","1.3392","","","","","0.00000","0.0000","0.0000","","","0.00000","","8734.88"
"372","2025-07-08 16:45:11 +07","MARKET_ORDER","CLIENT_ORDER","EUR/USD","","33481.00","Sell","","","","","","","","","","","","",""
"373","2025-07-08 16:45:11 +07","ORDER_CANCEL","INSUFFICIENT_MARGIN","","","","","","","","","","","","","","","","",""
"374","2025-07-08 17:45:11 +07","MARKET_ORDER","POSITION_CLOSEOUT","EUR/USD","","33371.00","Sell","","","","","","","","","","","","",""
"375","2025-07-08 17:45:11 +07","ORDER_FILL","MARKET_ORDER_POSITION_CLOSEOUT","EUR/USD","1.17267","33371.00","Sell","1.6686","","","","","0.00000","0.0000","0.0000","","1.0000","-111.12540","","8623.76"
"376","2025-07-08 17:45:11 +07","MARKET_ORDER","POSITION_CLOSEOUT","EUR/USD","","33481.00","Buy","","","","","","","","","","","","",""
"377","2025-07-08 17:45:11 +07","ORDER_FILL","MARKET_ORDER_POSITION_CLOSEOUT","EUR/USD","1.17277","33481.00","Buy","1.6740","","","","","0.00000","0.0000","0.0000","","1.0000","44.52970","","8668.29"
"378","2025-07-08 19:00:12 +07","MARKET_ORDER","CLIENT_ORDER","ETH/USD","","2.00","Buy","","","","","","","","","","","","",""
"379","2025-07-08 19:00:12 +07","ORDER_FILL","MARKET_ORDER","ETH/USD","2579.09000","2.00","Buy","2.8600","","","","","0.00000","0.0000","0.0000","","","0.00000","","8668.29"
"380","2025-07-08 19:00:13 +07","MARKET_ORDER","CLIENT_ORDER","ETH/USD","","2.00","Buy","","","","","","","","","","","","",""
"381","2025-07-08 19:00:13 +07","ORDER_CANCEL","INSUFFICIENT_MARGIN","","","","","","","","","","","","","","","","",""
"382","2025-07-08 19:00:13 +07","MARKET_ORDER","CLIENT_ORDER","ETH/USD","","2.00","Buy","","","","","","","","","","","","",""
"383","2025-07-08 19:00:13 +07","ORDER_CANCEL","INSUFFICIENT_MARGIN","","","","","","","","","","","","","","","","",""
"384","2025-07-08 19:00:13 +07","MARKET_ORDER","CLIENT_ORDER","ETH/USD","","2.00","Buy","","","","","","","","","","","","",""
"385","2025-07-08 19:00:13 +07","ORDER_CANCEL","INSUFFICIENT_MARGIN","","","","","","","","","","","","","","","","",""
"386","2025-07-08 19:15:06 +07","MARKET_ORDER","CLIENT_ORDER","USD/CAD","","28550.00","Buy","","","","","","","","","","","","",""
"387","2025-07-08 19:15:06 +07","ORDER_CANCEL","INSUFFICIENT_MARGIN","","","","","","","","","","","","","","","","",""
"388","2025-07-08 19:15:06 +07","MARKET_ORDER","CLIENT_ORDER","USD/CAD","","28550.00","Buy","","","","","","","","","","","","",""
"389","2025-07-08 19:15:06 +07","ORDER_CANCEL","INSUFFICIENT_MARGIN","","","","","","","","","","","","","","","","",""
"390","2025-07-08 21:00:20 +07","MARKET_ORDER","CLIENT_ORDER","GBP/USD","","28796.00","Sell","","","","","","","","","","","","",""
"391","2025-07-08 21:00:20 +07","ORDER_CANCEL","INSUFFICIENT_MARGIN","","","","","","","","","","","","","","","","",""
"392","2025-07-08 21:00:20 +07","MARKET_ORDER","CLIENT_ORDER","GBP/USD","","28796.00","Sell","","","","","","","","","","","","",""
"393","2025-07-08 21:00:20 +07","ORDER_CANCEL","INSUFFICIENT_MARGIN","","","","","","","","","","","","","","","","",""
"394","2025-07-08 21:00:26 +07","MARKET_ORDER","CLIENT_ORDER","USD/THB","","1197.00","Buy","","","","","","","","","","","","",""
"395","2025-07-08 21:00:26 +07","ORDER_FILL","MARKET_ORDER","USD/THB","32.59300","1197.00","Buy","0.4409","","","","","0.00000","0.0000","0.0000","","","0.00000","","8668.29"
"396","2025-07-08 21:00:26 +07","MARKET_ORDER","CLIENT_ORDER","USD/THB","","798.00","Buy","","","","","","","","","","","","",""
"397","2025-07-08 21:00:26 +07","ORDER_FILL","MARKET_ORDER","USD/THB","32.59300","798.00","Buy","0.2939","","","","","0.00000","0.0000","0.0000","","","0.00000","","8668.29"
"398","2025-07-08 21:14:42 +07","MARKET_ORDER","TRADE_CLOSE","USD/CHF","","49332.00","Buy","","","","","","","","","","","","",""
"399","2025-07-08 21:14:42 +07","ORDER_FILL","MARKET_ORDER_TRADE_CLOSE","USD/CHF","0.79915","49332.00","Buy","4.3215","","","","","0.00000","0.0000","0.0000","","1.2577","-205.36790","","8462.92"
"400","2025-07-08 21:14:45 +07","MARKET_ORDER","TRADE_CLOSE","USD/CHF","","49332.00","Buy","","","","","","","","","","","","",""
"401","2025-07-08 21:14:45 +07","ORDER_FILL","MARKET_ORDER_TRADE_CLOSE","USD/CHF","0.79915","49332.00","Buy","4.0128","","","","","0.00000","0.0000","0.0000","","1.2577","-205.36660","","8257.55"
"402","2025-07-08 21:14:53 +07","MARKET_ORDER","TRADE_CLOSE","USD/CHF","","48264.00","Sell","","","","","","","","","","","","",""
"403","2025-07-08 21:14:53 +07","ORDER_FILL","MARKET_ORDER_TRADE_CLOSE","USD/CHF","0.79903","48264.00","Sell","3.6239","","","","","0.00000","0.0000","0.0000","","1.2452","114.18370","","8371.74"
"404","2025-07-08 21:15:09 +07","MARKET_ORDER","TRADE_CLOSE","USD/THB","","798.00","Sell","","","","","","","","","","","","",""
"405","2025-07-08 21:15:09 +07","ORDER_FILL","MARKET_ORDER_TRADE_CLOSE","USD/THB","32.60100","798.00","Sell","0.2447","","","","","0.00000","0.0000","0.0000","","0.0305","0.19480","","8371.93"
"406","2025-07-08 21:15:12 +07","MARKET_ORDER_REJECT","TRADE_CLOSE","","","","","","","","","","","","","","","","",""
"407","2025-07-08 21:15:15 +07","MARKET_ORDER","TRADE_CLOSE","USD/THB","","1197.00","Sell","","","","","","","","","","","","",""
"408","2025-07-08 21:15:15 +07","ORDER_FILL","MARKET_ORDER_TRADE_CLOSE","USD/THB","32.60100","1197.00","Sell","0.3671","","","","","0.00000","0.0000","0.0000","","0.0305","0.29220","","8372.22"
"409","2025-07-08 21:15:16 +07","MARKET_ORDER_REJECT","TRADE_CLOSE","","","","","","","","","","","","","","","","",""
"410","2025-07-08 21:15:21 +07","MARKET_ORDER","TRADE_CLOSE","ETH/USD","","2.00","Sell","","","","","","","","","","","","",""
"411","2025-07-08 21:15:21 +07","ORDER_FILL","MARKET_ORDER_TRADE_CLOSE","ETH/USD","2577.78000","2.00","Sell","2.9600","","","","","0.00000","0.0000","0.0000","","1.0000","-2.62000","","8369.60"
"412","2025-07-08 21:15:22 +07","MARKET_ORDER_REJECT","TRADE_CLOSE","","","","","","","","","","","","","","","","",""
"413","2025-07-08 21:15:25 +07","MARKET_ORDER","TRADE_CLOSE","GBP/JPY","","132.00","Buy","","","","","","","","","","","","",""
"414","2025-07-08 21:15:25 +07","ORDER_FILL","MARKET_ORDER_TRADE_CLOSE","GBP/JPY","198.76800","132.00","Buy","0.0166","","","","","0.00000","0.0000","0.0000","","0.0068","0.08410","","8369.69"
"415","2025-07-08 21:15:27 +07","MARKET_ORDER_REJECT","TRADE_CLOSE","","","","","","","","","","","","","","","","",""
"416","2025-07-08 21:15:29 +07","MARKET_ORDER","TRADE_CLOSE","GBP/JPY","","198.00","Buy","","","","","","","","","","","","",""
"417","2025-07-08 21:15:29 +07","ORDER_FILL","MARKET_ORDER_TRADE_CLOSE","GBP/JPY","198.76500","198.00","Buy","0.0229","","","","","0.00000","0.0000","0.0000","","0.0068","0.13010","","8369.82"
"418","2025-07-08 21:15:30 +07","MARKET_ORDER_REJECT","TRADE_CLOSE","","","","","","","","","","","","","","","","",""
"419","2025-07-08 21:15:33 +07","MARKET_ORDER","TRADE_CLOSE","GBP/JPY","","194.00","Buy","","","","","","","","","","","","",""
"420","2025-07-08 21:15:33 +07","ORDER_FILL","MARKET_ORDER_TRADE_CLOSE","GBP/JPY","198.76200","194.00","Buy","0.0198","","","","","0.00000","0.0000","0.0000","","0.0068","0.18400","","8370.00"
"421","2025-07-08 21:15:37 +07","MARKET_ORDER","TRADE_CLOSE","GBP/JPY","","194.00","Sell","","","","","","","","","","","","",""
"422","2025-07-08 21:15:37 +07","ORDER_FILL","MARKET_ORDER_TRADE_CLOSE","GBP/JPY","198.70900","194.00","Sell","0.0225","","","","","0.00000","0.0000","0.0000","","0.0068","-0.66780","","8369.33"
"423","2025-07-08 21:15:46 +07","MARKET_ORDER","TRADE_CLOSE","GBP/JPY","","194.00","Buy","","","","","","","","","","","","",""
"424","2025-07-08 21:15:46 +07","ORDER_FILL","MARKET_ORDER_TRADE_CLOSE","GBP/JPY","198.74400","194.00","Buy","0.0231","","","","","0.00000","0.0000","0.0000","","0.0068","-0.26290","","8369.07"
"425","2025-07-08 22:00:03 +07","MARKET_ORDER","CLIENT_ORDER","EUR/USD","","32209.00","Sell","","","","","","","","","","","","",""
"426","2025-07-08 22:00:03 +07","ORDER_FILL","MARKET_ORDER","EUR/USD","1.16934","32209.00","Sell","1.4494","","","","","0.00000","0.0000","0.0000","","","0.00000","","8369.07"
"427","2025-07-08 22:00:03 +07","MARKET_ORDER","CLIENT_ORDER","USD/CAD","","27512.00","Buy","","","","","","","","","","","","",""
"428","2025-07-08 22:00:03 +07","ORDER_FILL","MARKET_ORDER","USD/CAD","1.36859","27512.00","Buy","1.2062","","","","","0.00000","0.0000","0.0000","","","0.00000","","8369.07"
"429","2025-07-08 22:00:04 +07","MARKET_ORDER","CLIENT_ORDER","AUD/USD","","57834.00","Sell","","","","","","","","","","","","",""
"430","2025-07-08 22:00:04 +07","ORDER_FILL","MARKET_ORDER","AUD/USD","0.65159","57834.00","Sell","2.0242","","","","","0.00000","0.0000","0.0000","","","0.00000","","8369.07"
"431","2025-07-09 00:15:06 +07","MARKET_ORDER","CLIENT_ORDER","EUR/USD","","32129.00","Buy","","","","","","","","","","","","",""
"432","2025-07-09 00:15:06 +07","ORDER_FILL","MARKET_ORDER","EUR/USD","1.17207","32129.00","Buy","1.7671","","","","","0.00000","0.0000","0.0000","","","0.00000","","8369.07"
"433","2025-07-09 01:15:08 +07","MARKET_ORDER","POSITION_CLOSEOUT","EUR/USD","","32129.00","Sell","","","","","","","","","","","","",""
"434","2025-07-09 01:15:08 +07","ORDER_FILL","MARKET_ORDER_POSITION_CLOSEOUT","EUR/USD","1.17231","32129.00","Sell","1.6064","","","","","0.00000","0.0000","0.0000","","1.0000","7.71100","","8376.78"
"435","2025-07-09 01:15:08 +07","MARKET_ORDER","POSITION_CLOSEOUT","EUR/USD","","32209.00","Buy","","","","","","","","","","","","",""
"436","2025-07-09 01:15:08 +07","ORDER_FILL","MARKET_ORDER_POSITION_CLOSEOUT","EUR/USD","1.17241","32209.00","Buy","1.6104","","","","","0.00000","0.0000","0.0000","","1.0000","-98.88160","","8277.90"
"437","2025-07-09 02:00:07 +07","MARKET_ORDER","POSITION_CLOSEOUT","USD/CAD","","27512.00","Sell","","","","","","","","","","","","",""
"438","2025-07-09 02:00:07 +07","ORDER_FILL","MARKET_ORDER_POSITION_CLOSEOUT","USD/CAD","1.36762","27512.00","Sell","1.3075","","","","","0.00000","0.0000","0.0000","","0.7348","-19.60980","","8258.29"
"439","2025-07-09 02:00:20 +07","MARKET_ORDER","POSITION_CLOSEOUT","AUD/USD","","57834.00","Buy","","","","","","","","","","","","",""
"440","2025-07-09 02:00:20 +07","ORDER_FILL","MARKET_ORDER_POSITION_CLOSEOUT","AUD/USD","0.65301","57834.00","Buy","2.6025","","","","","0.00000","0.0000","0.0000","","1.0000","-82.12430","","8176.17"
"441","2025-07-09 09:15:05 +07","MARKET_ORDER","CLIENT_ORDER","AUD/USD","","56255.00","Buy","","","","","","","","","","","","",""
"442","2025-07-09 09:15:05 +07","ORDER_FILL","MARKET_ORDER","AUD/USD","0.65362","56255.00","Buy","3.0940","","","","","0.00000","0.0000","0.0000","","","0.00000","","8176.17"
"443","2025-07-09 10:00:09 +07","MARKET_ORDER","CLIENT_ORDER","AUD/USD","","56475.00","Sell","","","","","","","","","","","","",""
"444","2025-07-09 10:00:09 +07","ORDER_FILL","MARKET_ORDER","AUD/USD","0.65189","56475.00","Sell","2.5414","","","","","0.00000","0.0000","0.0000","","","0.00000","","8176.17"
"445","2025-07-09 10:00:14 +07","MARKET_ORDER","CLIENT_ORDER","EUR/USD","","31420.00","Sell","","","","","","","","","","","","",""
"446","2025-07-09 10:00:14 +07","ORDER_FILL","MARKET_ORDER","EUR/USD","1.17110","31420.00","Sell","1.4139","","","","","0.00000","0.0000","0.0000","","","0.00000","","8176.17"
"447","2025-07-09 11:00:07 +07","MARKET_ORDER","POSITION_CLOSEOUT","EUR/USD","","31420.00","Buy","","","","","","","","","","","","",""
"448","2025-07-09 11:00:07 +07","ORDER_FILL","MARKET_ORDER_POSITION_CLOSEOUT","EUR/USD","1.17049","31420.00","Buy","1.7281","","","","","0.00000","0.0000","0.0000","","1.0000","19.16620","","8195.33"
"449","2025-07-09 11:00:07 +07","MARKET_ORDER","POSITION_CLOSEOUT","AUD/USD","","56255.00","Sell","","","","","","","","","","","","",""
"450","2025-07-09 11:00:07 +07","ORDER_FILL","MARKET_ORDER_POSITION_CLOSEOUT","AUD/USD","0.65219","56255.00","Sell","2.5315","","","","","0.00000","0.0000","0.0000","","1.0000","-80.44460","","8114.89"
"451","2025-07-09 11:00:07 +07","MARKET_ORDER","POSITION_CLOSEOUT","AUD/USD","","56475.00","Buy","","","","","","","","","","","","",""
"452","2025-07-09 11:00:07 +07","ORDER_FILL","MARKET_ORDER_POSITION_CLOSEOUT","AUD/USD","0.65228","56475.00","Buy","2.5414","","","","","0.00000","0.0000","0.0000","","1.0000","-22.02520","","8092.86"
"453","2025-07-09 11:45:11 +07","MARKET_ORDER","CLIENT_ORDER","AUD/USD","","55698.00","Buy","","","","","","","","","","","","",""
"454","2025-07-09 11:45:11 +07","ORDER_FILL","MARKET_ORDER","AUD/USD","0.65343","55698.00","Buy","2.5064","","","","","0.00000","0.0000","0.0000","","","0.00000","","8092.86"
"455","2025-07-09 12:45:08 +07","MARKET_ORDER","POSITION_CLOSEOUT","AUD/USD","","55698.00","Sell","","","","","","","","","","","","",""
"456","2025-07-09 12:45:08 +07","ORDER_FILL","MARKET_ORDER_POSITION_CLOSEOUT","AUD/USD","0.65400","55698.00","Sell","2.7849","","","","","0.00000","0.0000","0.0000","","1.0000","31.74790","","8124.61"
"457","2025-07-09 12:45:09 +07","MARKET_ORDER","CLIENT_ORDER","GBP/USD","","26889.00","Buy","","","","","","","","","","","","",""
"458","2025-07-09 12:45:09 +07","ORDER_FILL","MARKET_ORDER","GBP/USD","1.35951","26889.00","Buy","2.1511","","","","","0.00000","0.0000","0.0000","","","0.00000","","8124.61"
"459","2025-07-09 12:45:10 +07","MARKET_ORDER","CLIENT_ORDER","USD/CHF","","45905.00","Sell","","","","","","","","","","","","",""
"460","2025-07-09 12:45:10 +07","ORDER_FILL","MARKET_ORDER","USD/CHF","0.79670","45905.00","Sell","4.0330","","","","","0.00000","0.0000","0.0000","","","0.00000","","8124.61"
"461","2025-07-09 12:45:11 +07","MARKET_ORDER","CLIENT_ORDER","EUR/USD","","31190.00","Buy","","","","","","","","","","","","",""
"462","2025-07-09 12:45:11 +07","ORDER_FILL","MARKET_ORDER","EUR/USD","1.17210","31190.00","Buy","1.4036","","","","","0.00000","0.0000","0.0000","","","0.00000","","8124.61"
"463","2025-07-09 13:45:07 +07","MARKET_ORDER","POSITION_CLOSEOUT","GBP/USD","","26889.00","Sell","","","","","","","","","","","","",""
"464","2025-07-09 13:45:07 +07","ORDER_FILL","MARKET_ORDER_POSITION_CLOSEOUT","GBP/USD","1.35874","26889.00","Sell","2.1511","","","","","0.00000","0.0000","0.0000","","1.0000","-20.70450","","8103.91"
"465","2025-07-09 13:45:07 +07","MARKET_ORDER","POSITION_CLOSEOUT","EUR/USD","","31190.00","Sell","","","","","","","","","","","","",""
"466","2025-07-09 13:45:07 +07","ORDER_FILL","MARKET_ORDER_POSITION_CLOSEOUT","EUR/USD","1.17180","31190.00","Sell","1.5595","","","","","0.00000","0.0000","0.0000","","1.0000","-9.35700","","8094.55"
"467","2025-07-09 13:45:11 +07","MARKET_ORDER","POSITION_CLOSEOUT","USD/CHF","","45905.00","Buy","","","","","","","","","","","","",""
"468","2025-07-09 13:45:11 +07","ORDER_FILL","MARKET_ORDER_POSITION_CLOSEOUT","USD/CHF","0.79675","45905.00","Buy","3.7453","","","","","0.00000","0.0000","0.0000","","1.2615","-2.89540","","8091.65"
"469","2025-07-09 15:00:09 +07","MARKET_ORDER","CLIENT_ORDER","GBP/JPY","","183.00","Sell","","","","","","","","","","","","",""
"470","2025-07-09 15:00:09 +07","ORDER_FILL","MARKET_ORDER","GBP/JPY","199.49200","183.00","Sell","0.0206","","","","","0.00000","0.0000","0.0000","","","0.00000","","8091.65"
"471","2025-07-09 15:00:09 +07","MARKET_ORDER","CLIENT_ORDER","EUR/USD","","31104.00","Sell","","","","","","","","","","","","",""
"472","2025-07-09 15:00:09 +07","ORDER_FILL","MARKET_ORDER","EUR/USD","1.17076","31104.00","Sell","1.5552","","","","","0.00000","0.0000","0.0000","","","0.00000","","8091.65"
"473","2025-07-09 16:00:20 +07","MARKET_ORDER","POSITION_CLOSEOUT","EUR/USD","","31104.00","Buy","","","","","","","","","","","","",""
"474","2025-07-09 16:00:20 +07","ORDER_FILL","MARKET_ORDER_POSITION_CLOSEOUT","EUR/USD","1.17139","31104.00","Buy","1.7107","","","","","0.00000","0.0000","0.0000","","1.0000","-19.59550","","8072.06"
"475","2025-07-09 20:30:05 +07","MARKET_ORDER","CLIENT_ORDER","EUR/USD","","31006.00","Buy","","","","","","","","","","","","",""
"476","2025-07-09 20:30:05 +07","ORDER_FILL","MARKET_ORDER","EUR/USD","1.17142","31006.00","Buy","1.5503","","","","","0.00000","0.0000","0.0000","","","0.00000","","8072.06"
"477","2025-07-09 20:45:21 +07","MARKET_ORDER","CLIENT_ORDER","AUD/USD","","55531.00","Buy","","","","","","","","","","","","",""
"478","2025-07-09 20:45:21 +07","ORDER_FILL","MARKET_ORDER","AUD/USD","0.65372","55531.00","Buy","1.9436","","","","","0.00000","0.0000","0.0000","","","0.00000","","8072.06"
"479","2025-07-09 21:00:24 +07","MARKET_ORDER","CLIENT_ORDER","GBP/JPY","","183.00","Sell","","","","","","","","","","","","",""
"480","2025-07-09 21:00:24 +07","ORDER_FILL","MARKET_ORDER","GBP/JPY","198.96100","183.00","Sell","0.0162","","","","","0.00000","0.0000","0.0000","","","0.00000","","8072.06"
"481","2025-07-09 21:30:27 +07","MARKET_ORDER","POSITION_CLOSEOUT","EUR/USD","","31006.00","Sell","","","","","","","","","","","","",""
"482","2025-07-09 21:30:27 +07","ORDER_FILL","MARKET_ORDER_POSITION_CLOSEOUT","EUR/USD","1.17183","31006.00","Sell","1.7053","","","","","0.00000","0.0000","0.0000","","1.0000","12.71250","","8084.77"
"483","2025-07-09 21:45:09 +07","MARKET_ORDER","POSITION_CLOSEOUT","AUD/USD","","55531.00","Sell","","","","","","","","","","","","",""
"484","2025-07-09 21:45:09 +07","ORDER_FILL","MARKET_ORDER_POSITION_CLOSEOUT","AUD/USD","0.65358","55531.00","Sell","2.7766","","","","","0.00000","0.0000","0.0000","","1.0000","-7.77430","","8077.00"
"485","2025-07-09 22:00:11 +07","MARKET_ORDER","POSITION_CLOSEOUT","GBP/JPY","","366.00","Buy","","","","","","","","","","","","",""
"486","2025-07-09 22:00:11 +07","ORDER_FILL","MARKET_ORDER_POSITION_CLOSEOUT","GBP/JPY","199.05400","366.00","Buy","0.0374","","","","","0.00000","0.0000","0.0000","","0.0068","0.42770","","8077.42"
"487","2025-07-10 06:30:05 +07","MARKET_ORDER","CLIENT_ORDER","GBP/JPY","","183.00","Sell","","","","","","","","","","","","",""
"488","2025-07-10 06:30:05 +07","ORDER_FILL","MARKET_ORDER","GBP/JPY","198.56400","183.00","Sell","0.0194","","","","","0.00000","0.0000","0.0000","","","0.00000","","8077.42"
"489","2025-07-10 07:00:41 +07","MARKET_ORDER","CLIENT_ORDER","USD/THB","","1115.00","Sell","","","","","","","","","","","","",""
"490","2025-07-10 07:00:41 +07","ORDER_FILL","MARKET_ORDER","USD/THB","32.61300","1115.00","Sell","0.3247","","","","","0.00000","0.0000","0.0000","","","0.00000","","8077.42"
"491","2025-07-10 07:30:04 +07","MARKET_ORDER","POSITION_CLOSEOUT","GBP/JPY","","183.00","Buy","","","","","","","","","","","","",""
"492","2025-07-10 07:30:04 +07","ORDER_FILL","MARKET_ORDER_POSITION_CLOSEOUT","GBP/JPY","198.50600","183.00","Buy","0.0201","","","","","0.00000","0.0000","0.0000","","0.0068","0.07240","","8077.50"
"493","2025-07-10 11:30:06 +07","MARKET_ORDER","CLIENT_ORDER","AUD/USD","","55630.00","Sell","","","","","","","","","","","","",""
"494","2025-07-10 11:30:06 +07","ORDER_FILL","MARKET_ORDER","AUD/USD","0.65380","55630.00","Sell","2.7815","","","","","0.00000","0.0000","0.0000","","","0.00000","","8077.50"
"495","2025-07-10 12:30:07 +07","MARKET_ORDER","POSITION_CLOSEOUT","AUD/USD","","55630.00","Buy","","","","","","","","","","","","",""
"496","2025-07-10 12:30:07 +07","ORDER_FILL","MARKET_ORDER_POSITION_CLOSEOUT","AUD/USD","0.65464","55630.00","Buy","2.2252","","","","","0.00000","0.0000","0.0000","","1.0000","-46.72920","","8030.77"
"497","2025-07-10 13:15:06 +07","MARKET_ORDER","CLIENT_ORDER","AUD/USD","","55115.00","Buy","","","","","","","","","","","","",""
"498","2025-07-10 13:15:06 +07","ORDER_FILL","MARKET_ORDER","AUD/USD","0.65528","55115.00","Buy","1.9290","","","","","0.00000","0.0000","0.0000","","","0.00000","","8030.77"
"499","2025-07-10 13:30:06 +07","MARKET_ORDER","CLIENT_ORDER","GBP/USD","","26538.00","Buy","","","","","","","","","","","","",""
"500","2025-07-10 13:30:06 +07","ORDER_FILL","MARKET_ORDER","GBP/USD","1.36166","26538.00","Buy","1.9904","","","","","0.00000","0.0000","0.0000","","","0.00000","","8030.77"
"501","2025-07-10 13:45:08 +07","MARKET_ORDER","CLIENT_ORDER","USD/CHF","","45447.00","Buy","","","","","","","","","","","","",""
"502","2025-07-10 13:45:08 +07","ORDER_FILL","MARKET_ORDER","USD/CHF","0.79490","45447.00","Buy","3.7166","","","","","0.00000","0.0000","0.0000","","","0.00000","","8030.77"
"503","2025-07-10 14:15:08 +07","MARKET_ORDER","POSITION_CLOSEOUT","AUD/USD","","55115.00","Sell","","","","","","","","","","","","",""
"504","2025-07-10 14:15:08 +07","ORDER_FILL","MARKET_ORDER_POSITION_CLOSEOUT","AUD/USD","0.65574","55115.00","Sell","1.9290","","","","","0.00000","0.0000","0.0000","","1.0000","25.35290","","8056.12"
"505","2025-07-10 14:30:06 +07","MARKET_ORDER","CLIENT_ORDER","USD/CAD","","26535.00","Sell","","","","","","","","","","","","",""
"506","2025-07-10 14:30:06 +07","ORDER_FILL","MARKET_ORDER","USD/CAD","1.36650","26535.00","Sell","1.2621","","","","","0.00000","0.0000","0.0000","","","0.00000","","8056.12"
"507","2025-07-10 14:30:06 +07","MARKET_ORDER","POSITION_CLOSEOUT","GBP/USD","","26538.00","Sell","","","","","","","","","","","","",""
"508","2025-07-10 14:30:06 +07","ORDER_FILL","MARKET_ORDER_POSITION_CLOSEOUT","GBP/USD","1.36139","26538.00","Sell","2.1230","","","","","0.00000","0.0000","0.0000","","1.0000","-7.16530","","8048.95"
"509","2025-07-10 14:45:06 +07","MARKET_ORDER","CLIENT_ORDER","EUR/USD","","30888.00","Sell","","","","","","","","","","","","",""
"510","2025-07-10 14:45:06 +07","ORDER_FILL","MARKET_ORDER","EUR/USD","1.17273","30888.00","Sell","1.5444","","","","","0.00000","0.0000","0.0000","","","0.00000","","8048.95"
"511","2025-07-10 14:45:06 +07","MARKET_ORDER","POSITION_CLOSEOUT","USD/CHF","","45447.00","Sell","","","","","","","","","","","","",""
"512","2025-07-10 14:45:06 +07","ORDER_FILL","MARKET_ORDER_POSITION_CLOSEOUT","USD/CHF","0.79477","45447.00","Sell","3.4307","","","","","0.00000","0.0000","0.0000","","1.2644","-7.47030","","8041.48"
"513","2025-07-10 15:30:06 +07","MARKET_ORDER","POSITION_CLOSEOUT","USD/CAD","","26535.00","Buy","","","","","","","","","","","","",""
"514","2025-07-10 15:30:06 +07","ORDER_FILL","MARKET_ORDER_POSITION_CLOSEOUT","USD/CAD","1.36753","26535.00","Buy","1.5524","","","","","0.00000","0.0000","0.0000","","0.7349","-20.08680","","8021.40"
"515","2025-07-10 15:45:10 +07","MARKET_ORDER","POSITION_CLOSEOUT","EUR/USD","","30888.00","Buy","","","","","","","","","","","","",""
"516","2025-07-10 15:45:10 +07","ORDER_FILL","MARKET_ORDER_POSITION_CLOSEOUT","EUR/USD","1.17290","30888.00","Buy","1.3900","","","","","0.00000","0.0000","0.0000","","1.0000","-5.25100","","8016.15"
"517","2025-07-10 17:30:06 +07","MARKET_ORDER","CLIENT_ORDER","GBP/JPY","","181.00","Sell","","","","","","","","","","","","",""
"518","2025-07-10 17:30:06 +07","ORDER_FILL","MARKET_ORDER","GBP/JPY","198.82500","181.00","Sell","0.0211","","","","","0.00000","0.0000","0.0000","","","0.00000","","8016.15"
"519","2025-07-10 17:45:10 +07","MARKET_ORDER","CLIENT_ORDER","GBP/USD","","26524.00","Sell","","","","","","","","","","","","",""
"520","2025-07-10 17:45:10 +07","ORDER_FILL","MARKET_ORDER","GBP/USD","1.36016","26524.00","Sell","1.7241","","","","","0.00000","0.0000","0.0000","","","0.00000","","8016.15"
"521","2025-07-10 18:30:09 +07","MARKET_ORDER","POSITION_CLOSEOUT","GBP/JPY","","181.00","Buy","","","","","","","","","","","","",""
"522","2025-07-10 18:30:09 +07","ORDER_FILL","MARKET_ORDER_POSITION_CLOSEOUT","GBP/JPY","198.67900","181.00","Buy","0.0186","","","","","0.00000","0.0000","0.0000","","0.0068","0.17980","","8016.33"
"523","2025-07-10 18:45:05 +07","MARKET_ORDER","CLIENT_ORDER","USD/CHF","","45324.00","Buy","","","","","","","","","","","","",""
"524","2025-07-10 18:45:05 +07","ORDER_FILL","MARKET_ORDER","USD/CHF","0.79564","45324.00","Buy","3.4182","","","","","0.00000","0.0000","0.0000","","","0.00000","","8016.33"
"525","2025-07-10 18:45:06 +07","MARKET_ORDER","POSITION_CLOSEOUT","GBP/USD","","26524.00","Buy","","","","","","","","","","","","",""
"526","2025-07-10 18:45:06 +07","ORDER_FILL","MARKET_ORDER_POSITION_CLOSEOUT","GBP/USD","1.35802","26524.00","Buy","2.2545","","","","","0.00000","0.0000","0.0000","","1.0000","56.76140","","8073.09"
"527","2025-07-10 19:00:07 +07","MARKET_ORDER","CLIENT_ORDER","USD/CAD","","26536.00","Buy","","","","","","","","","","","","",""
"528","2025-07-10 19:00:07 +07","ORDER_FILL","MARKET_ORDER","USD/CAD","1.36874","26536.00","Buy","1.2602","","","","","0.00000","0.0000","0.0000","","","0.00000","","8073.09"
"529","2025-07-10 19:00:08 +07","MARKET_ORDER","CLIENT_ORDER","AUD/USD","","55490.00","Sell","","","","","","","","","","","","",""
"530","2025-07-10 19:00:08 +07","ORDER_FILL","MARKET_ORDER","AUD/USD","0.65509","55490.00","Sell","1.6647","","","","","0.00000","0.0000","0.0000","","","0.00000","","8073.09"
"531","2025-07-10 19:45:07 +07","MARKET_ORDER","POSITION_CLOSEOUT","USD/CHF","","45324.00","Sell","","","","","","","","","","","","",""
"532","2025-07-10 19:45:07 +07","ORDER_FILL","MARKET_ORDER_POSITION_CLOSEOUT","USD/CHF","0.79663","45324.00","Sell","3.4134","","","","","0.00000","0.0000","0.0000","","1.2489","56.03990","","8129.13"
"533","2025-07-10 20:00:08 +07","MARKET_ORDER","POSITION_CLOSEOUT","AUD/USD","","55490.00","Buy","","","","","","","","","","","","",""
"534","2025-07-10 20:00:08 +07","ORDER_FILL","MARKET_ORDER_POSITION_CLOSEOUT","AUD/USD","0.65523","55490.00","Buy","2.4970","","","","","0.00000","0.0000","0.0000","","1.0000","-7.76860","","8121.36"
"535","2025-07-10 20:00:10 +07","MARKET_ORDER","POSITION_CLOSEOUT","USD/CAD","","26536.00","Sell","","","","","","","","","","","","",""
"536","2025-07-10 20:00:10 +07","ORDER_FILL","MARKET_ORDER_POSITION_CLOSEOUT","USD/CAD","1.36911","26536.00","Sell","1.2598","","","","","0.00000","0.0000","0.0000","","0.7267","7.13510","","8128.49"
"537","2025-07-11 02:15:09 +07","MARKET_ORDER","CLIENT_ORDER","USD/CAD","","26770.00","Sell","","","","","","","","","","","","",""
"538","2025-07-11 02:15:09 +07","ORDER_FILL","MARKET_ORDER","USD/CAD","1.36669","26770.00","Sell","1.2731","","","","","0.00000","0.0000","0.0000","","","0.00000","","8128.49"
"539","2025-07-11 03:00:03 +07","MARKET_ORDER","CLIENT_ORDER","USD/CHF","","45935.00","Sell","","","","","","","","","","","","",""
"540","2025-07-11 03:00:03 +07","ORDER_FILL","MARKET_ORDER","USD/CHF","0.79656","45935.00","Sell","3.7480","","","","","0.00000","0.0000","0.0000","","","0.00000","","8128.49"
"541","2025-07-11 03:15:09 +07","MARKET_ORDER","POSITION_CLOSEOUT","USD/CAD","","26770.00","Buy","","","","","","","","","","","","",""
"542","2025-07-11 03:15:09 +07","ORDER_FILL","MARKET_ORDER_POSITION_CLOSEOUT","USD/CAD","1.36613","26770.00","Buy","1.1758","","","","","0.00000","0.0000","0.0000","","0.7284","10.91910","","8139.41"
"543","2025-07-11 04:00:00 +07","DAILY_FINANCING","","","","","","","","","","","-6.86780","","","","","","","8132.55"
"","2025-07-11 04:00:00 +07","DAILY_FINANCING","Trade ID: 540","USD/CHF","","","","","","","","","-6.63230","","","","","","",""
"","2025-07-11 04:00:00 +07","DAILY_FINANCING","Trade ID: 490","USD/THB","","","","","","","","","-0.23550","","","","","","",""
"544","2025-07-11 04:01:02 +07","MARKET_ORDER","POSITION_CLOSEOUT","USD/CHF","","45935.00","Buy","","","","","","","","","","","","",""
"545","2025-07-11 04:01:02 +07","ORDER_CANCEL","MARKET_HALTED","","","","","","","","","","","","","","","","",""
"546","2025-07-11 04:15:12 +07","MARKET_ORDER","CLIENT_ORDER","AUD/USD","","55524.00","Buy","","","","","","","","","","","","",""
"547","2025-07-11 04:15:12 +07","ORDER_FILL","MARKET_ORDER","AUD/USD","0.65870","55524.00","Buy","11.6600","","","","","0.00000","0.0000","0.0000","","","0.00000","","8132.55"
"548","2025-07-11 05:15:03 +07","MARKET_ORDER","POSITION_CLOSEOUT","AUD/USD","","55524.00","Sell","","","","","","","","","","","","",""
"549","2025-07-11 05:15:03 +07","ORDER_FILL","MARKET_ORDER_POSITION_CLOSEOUT","AUD/USD","0.65914","55524.00","Sell","1.6657","","","","","0.00000","0.0000","0.0000","","1.0000","24.43060","","8156.98"
"550","2025-07-11 07:30:08 +07","MARKET_ORDER","CLIENT_ORDER","AUD/USD","","55945.00","Sell","","","","","","","","","","","","",""
"551","2025-07-11 07:30:08 +07","ORDER_FILL","MARKET_ORDER","AUD/USD","0.65651","55945.00","Sell","2.2378","","","","","0.00000","0.0000","0.0000","","","0.00000","","8156.98"
"552","2025-07-11 07:30:09 +07","MARKET_ORDER","CLIENT_ORDER","USD/CAD","","26763.00","Buy","","","","","","","","","","","","",""
"553","2025-07-11 07:30:09 +07","ORDER_FILL","MARKET_ORDER","USD/CAD","1.37120","26763.00","Buy","1.6591","","","","","0.00000","0.0000","0.0000","","","0.00000","","8156.98"
"554","2025-07-11 08:15:15 +07","MARKET_ORDER","CLIENT_ORDER","USD/CHF","","46000.00","Buy","","","","","","","","","","","","",""
"555","2025-07-11 08:15:15 +07","ORDER_FILL","MARKET_ORDER","USD/CHF","0.79769","46000.00","Buy","4.3254","","","","","0.00000","0.0000","0.0000","","","0.00000","","8156.98"
"556","2025-07-11 08:30:03 +07","MARKET_ORDER","POSITION_CLOSEOUT","USD/CAD","","26763.00","Sell","","","","","","","","","","","","",""
"557","2025-07-11 08:30:03 +07","ORDER_FILL","MARKET_ORDER_POSITION_CLOSEOUT","USD/CAD","1.36860","26763.00","Sell","1.6621","","","","","0.00000","0.0000","0.0000","","0.7343","-51.09410","","8105.88"
"558","2025-07-11 08:30:03 +07","MARKET_ORDER","POSITION_CLOSEOUT","AUD/USD","","55945.00","Buy","","","","","","","","","","","","",""
"559","2025-07-11 08:30:03 +07","ORDER_FILL","MARKET_ORDER_POSITION_CLOSEOUT","AUD/USD","0.65840","55945.00","Buy","2.2378","","","","","0.00000","0.0000","0.0000","","1.0000","-105.73600","","8000.15"
"560","2025-07-11 09:15:07 +07","MARKET_ORDER","CLIENT_ORDER","GBP/JPY","","181.00","Buy","","","","","","","","","","","","",""
"561","2025-07-11 09:15:07 +07","ORDER_FILL","MARKET_ORDER","GBP/JPY","199.24000","181.00","Buy","0.0203","","","","","0.00000","0.0000","0.0000","","","0.00000","","8000.15"
"562","2025-07-11 09:15:15 +07","MARKET_ORDER","POSITION_CLOSEOUT","USD/CHF","","46000.00","Sell","","","","","","","","","","","","",""
"563","2025-07-11 09:15:15 +07","ORDER_FILL","MARKET_ORDER_POSITION_CLOSEOUT","USD/CHF","0.79769","46000.00","Sell","3.7480","","","","","0.00000","0.0000","0.0000","","","0.00000","","8000.15"
"564","2025-07-11 09:15:15 +07","MARKET_ORDER","POSITION_CLOSEOUT","USD/CHF","","45935.00","Buy","","","","","","","","","","","","",""
"565","2025-07-11 09:15:15 +07","ORDER_FILL","MARKET_ORDER_POSITION_CLOSEOUT","USD/CHF","0.79782","45935.00","Buy","3.7427","","","","","0.00000","0.0000","0.0000","","1.2598","-72.91400","","7927.23"
"566","2025-07-11 10:15:06 +07","MARKET_ORDER","POSITION_CLOSEOUT","GBP/JPY","","181.00","Sell","","","","","","","","","","","","",""
"567","2025-07-11 10:15:06 +07","ORDER_FILL","MARKET_ORDER_POSITION_CLOSEOUT","GBP/JPY","199.27100","181.00","Sell","0.0197","","","","","0.00000","0.0000","0.0000","","0.0068","0.03800","","7927.27"
"568","2025-07-11 13:45:09 +07","MARKET_ORDER","CLIENT_ORDER","GBP/JPY","","180.00","Sell","","","","","","","","","","","","",""
"569","2025-07-11 13:45:09 +07","ORDER_FILL","MARKET_ORDER","GBP/JPY","198.74400","180.00","Sell","0.0202","","","","","0.00000","0.0000","0.0000","","","0.00000","","7927.27"
"570","2025-07-11 14:30:12 +07","MARKET_ORDER","CLIENT_ORDER","EUR/USD","","30499.00","Buy","","","","","","","","","","","","",""
"571","2025-07-11 14:30:12 +07","ORDER_FILL","MARKET_ORDER","EUR/USD","1.16952","30499.00","Buy","1.3725","","","","","0.00000","0.0000","0.0000","","","0.00000","","7927.27"
"572","2025-07-11 14:45:15 +07","MARKET_ORDER","POSITION_CLOSEOUT","GBP/JPY","","180.00","Buy","","","","","","","","","","","","",""
"573","2025-07-11 14:45:15 +07","ORDER_FILL","MARKET_ORDER_POSITION_CLOSEOUT","GBP/JPY","199.01400","180.00","Buy","0.0208","","","","","0.00000","0.0000","0.0000","","0.0068","-0.33270","","7926.94"
"574","2025-07-11 15:30:05 +07","MARKET_ORDER","POSITION_CLOSEOUT","EUR/USD","","30499.00","Sell","","","","","","","","","","","","",""
"575","2025-07-11 15:30:05 +07","ORDER_FILL","MARKET_ORDER_POSITION_CLOSEOUT","EUR/USD","1.16859","30499.00","Sell","1.3725","","","","","0.00000","0.0000","0.0000","","1.0000","-28.36410","","7898.57"
"576","2025-07-11 17:30:23 +07","MARKET_ORDER","CLIENT_ORDER","USD/THB","","1096.00","Sell","","","","","","","","","","","","",""
"577","2025-07-11 17:30:23 +07","ORDER_FILL","MARKET_ORDER","USD/THB","32.42300","1096.00","Sell","0.3717","","","","","0.00000","0.0000","0.0000","","","0.00000","","7898.57"
"578","2025-07-11 18:15:12 +07","MARKET_ORDER","CLIENT_ORDER","AUD/USD","","53907.00","Buy","","","","","","","","","","","","",""
"579","2025-07-11 18:15:12 +07","ORDER_FILL","MARKET_ORDER","AUD/USD","0.65889","53907.00","Buy","1.8867","","","","","0.00000","0.0000","0.0000","","","0.00000","","7898.57"
"580","2025-07-11 18:30:22 +07","MARKET_ORDER","POSITION_CLOSEOUT","USD/THB","","2211.00","Buy","","","","","","","","","","","","",""
"581","2025-07-11 18:30:22 +07","ORDER_FILL","MARKET_ORDER_POSITION_CLOSEOUT","USD/THB","32.43900","2211.00","Buy","0.6136","","","","","0.00000","0.0000","0.0000","","0.0307","5.40910","","7903.98"
"582","2025-07-11 19:15:12 +07","MARKET_ORDER","CLIENT_ORDER","AUD/USD","","54155.00","Sell","","","","","","","","","","","","",""
"583","2025-07-11 19:15:12 +07","ORDER_FILL","MARKET_ORDER","AUD/USD","0.65718","54155.00","Sell","2.4370","","","","","0.00000","0.0000","0.0000","","","0.00000","","7903.98"
"584","2025-07-11 20:15:12 +07","MARKET_ORDER","POSITION_CLOSEOUT","AUD/USD","","53907.00","Sell","","","","","","","","","","","","",""
"585","2025-07-11 20:15:12 +07","ORDER_FILL","MARKET_ORDER_POSITION_CLOSEOUT","AUD/USD","0.65751","53907.00","Sell","2.6954","","","","","0.00000","0.0000","0.0000","","1.0000","-74.39170","","7829.59"
"586","2025-07-11 20:15:12 +07","MARKET_ORDER","POSITION_CLOSEOUT","AUD/USD","","54155.00","Buy","","","","","","","","","","","","",""
"587","2025-07-11 20:15:12 +07","ORDER_FILL","MARKET_ORDER_POSITION_CLOSEOUT","AUD/USD","0.65761","54155.00","Buy","2.7078","","","","","0.00000","0.0000","0.0000","","1.0000","-23.28660","","7806.30"